data_version,YEAR,MARKET_NODE,Category,Value
ERAA 2024,2028,AL00,FCR,8
ERAA 2024,2028,AL00,FRR,149
ERAA 2024,2028,AT00,FCR,72.1
ERAA 2024,2028,AT00,FRR,480
ERAA 2024,2028,BE00,FCR,48
ERAA 2024,2028,BE00,FRR,466.8
ERAA 2024,2028,BG00,FCR,45
ERAA 2024,2028,BG00,FRR,905
ERAA 2024,2028,CH00,FCR,62
ERAA 2024,2028,CH00,FRR,907
ERAA 2024,2028,CZ00,FCR,23
ERAA 2024,2028,CZ00,FRR,810
ERAA 2024,2028,DE00,FCR,564
ERAA 2024,2028,DE00,FRR,2533
ERAA 2024,2028,DKE1,FCR,56.2
ERAA 2024,2028,DKE1,FRR,655.6
ERAA 2024,2028,DKW1,FCR,31.3
ERAA 2024,2028,DKW1,FRR,805
ERAA 2024,2028,EE00,FCR,12
ERAA 2024,2028,EE00,FRR,303
ERAA 2024,2028,ES00,FCR,350
ERAA 2024,2028,ES00,FRR,5250
ERAA 2024,2028,FI00,FCR,325
ERAA 2024,2028,FI00,FRR,1614
ERAA 2024,2028,FR00,FRR,1100
ERAA 2024,2028,GR00,FCR,40
ERAA 2024,2028,GR00,FRR,2350
ERAA 2024,2028,HR00,FCR,157
ERAA 2024,2028,HR00,FRR,150
ERAA 2024,2028,HU00,FCR,44
ERAA 2024,2028,HU00,FRR,2167
ERAA 2024,2028,IE00,FCR,393.8
ERAA 2024,2028,IE00,FRR,481.3
ERAA 2024,2028,ITCA,FCR,43
ERAA 2024,2028,ITCA,FRR,380
ERAA 2024,2028,ITCN,FCR,53
ERAA 2024,2028,ITCN,FRR,505
ERAA 2024,2028,ITCS,FCR,80
ERAA 2024,2028,ITCS,FRR,380
ERAA 2024,2028,ITN1,FCR,276
ERAA 2024,2028,ITN1,FRR,1010
ERAA 2024,2028,ITS1,FCR,43
ERAA 2024,2028,ITS1,FRR,390
ERAA 2024,2028,ITSA,FCR,16
ERAA 2024,2028,ITSA,FRR,280
ERAA 2024,2028,ITSI,FCR,32
ERAA 2024,2028,ITSI,FRR,1040
ERAA 2024,2028,LT00,FCR,16
ERAA 2024,2028,LT00,FRR,474
ERAA 2024,2028,MK00,FCR,8
ERAA 2024,2028,MK00,FRR,180
ERAA 2024,2028,MT00,FCR,9.5
ERAA 2024,2028,NL00,FCR,116
ERAA 2024,2028,NL00,FRR,1825
ERAA 2024,2028,NOM1,FCR,50
ERAA 2024,2028,NOM1,FRR,100
ERAA 2024,2028,NON1,FCR,50
ERAA 2024,2028,NON1,FRR,100
ERAA 2024,2028,NOS1,FCR,33
ERAA 2024,2028,NOS1,FRR,166
ERAA 2024,2028,NOS2,FCR,33
ERAA 2024,2028,NOS2,FRR,166
ERAA 2024,2028,NOS3,FCR,33
ERAA 2024,2028,NOS3,FRR,166
ERAA 2024,2028,PL00,FCR,200
ERAA 2024,2028,PL00,FRR,1000
ERAA 2024,2028,PT00,FCR,53
ERAA 2024,2028,PT00,FRR,1295
ERAA 2024,2028,RO00,FCR,60
ERAA 2024,2028,RO00,FRR,750
ERAA 2024,2028,RS00,FCR,68
ERAA 2024,2028,RS00,FRR,1675.2
ERAA 2024,2028,SE01,FCR,322
ERAA 2024,2028,SE01,FRR,105
ERAA 2024,2028,SE02,FCR,403
ERAA 2024,2028,SE02,FRR,105
ERAA 2024,2028,SE03,FCR,64
ERAA 2024,2028,SE03,FRR,391
ERAA 2024,2028,SE04,FCR,16.1
ERAA 2024,2028,SI00,FCR,29
ERAA 2024,2028,SI00,FRR,240
ERAA 2024,2028,SK00,FCR,28.2
ERAA 2024,2028,SK00,FRR,654
ERAA 2024,2028,UKNI,FCR,161
ERAA 2024,2028,UKNI,FRR,39
ERAA 2025 final,2028,AL00,FCR,8
ERAA 2025 final,2028,AL00,FRR,149
ERAA 2025 final,2028,AT00,FCR,64.998
ERAA 2025 final,2028,AT00,FRR,479.998
ERAA 2025 final,2028,BE00,FCR,44
ERAA 2025 final,2028,BE00,FRR,547
ERAA 2025 final,2028,BG00,FCR,45
ERAA 2025 final,2028,BG00,FRR,905
ERAA 2025 final,2028,CH00,FCR,67
ERAA 2025 final,2028,CH00,FRR,886
ERAA 2025 final,2028,CY00,FCR,30
ERAA 2025 final,2028,CY00,FRR,30
ERAA 2025 final,2028,CZ00,FCR,22
ERAA 2025 final,2028,CZ00,FRR,962
ERAA 2025 final,2028,DE00,FCR,564
ERAA 2025 final,2028,DE00,FRR,2550
ERAA 2025 final,2028,DKE1,FCR,50
ERAA 2025 final,2028,DKE1,FRR,550
ERAA 2025 final,2028,DKW1,FCR,25
ERAA 2025 final,2028,DKW1,FRR,550
ERAA 2025 final,2028,EE00,FCR,12
ERAA 2025 final,2028,EE00,FRR,303
ERAA 2025 final,2028,ES00,FCR,350
ERAA 2025 final,2028,ES00,FRR,6249.997
ERAA 2025 final,2028,FI00,FCR,325
ERAA 2025 final,2028,FI00,FRR,1613.999
ERAA 2025 final,2028,FR00,FRR,2100
ERAA 2025 final,2028,GR00,FCR,40
ERAA 2025 final,2028,GR00,FRR,1450
ERAA 2025 final,2028,HU00,FCR,21
ERAA 2025 final,2028,HU00,FRR,655.5
ERAA 2025 final,2028,IE00,FRR,1050
ERAA 2025 final,2028,ITCA,FCR,43
ERAA 2025 final,2028,ITCA,FRR,420
ERAA 2025 final,2028,ITCN,FCR,53
ERAA 2025 final,2028,ITCN,FRR,560
ERAA 2025 final,2028,ITCS,FCR,80
ERAA 2025 final,2028,ITCS,FRR,420
ERAA 2025 final,2028,ITN1,FCR,276
ERAA 2025 final,2028,ITN1,FRR,1130
ERAA 2025 final,2028,ITS1,FCR,43
ERAA 2025 final,2028,ITS1,FRR,420
ERAA 2025 final,2028,ITSA,FCR,16
ERAA 2025 final,2028,ITSA,FRR,300
ERAA 2025 final,2028,ITSI,FCR,32
ERAA 2025 final,2028,ITSI,FRR,1005
ERAA 2025 final,2028,LT00,FCR,16
ERAA 2025 final,2028,LT00,FRR,474
ERAA 2025 final,2028,MK00,FCR,8
ERAA 2025 final,2028,MK00,FRR,180
ERAA 2025 final,2028,NL00,FCR,116
ERAA 2025 final,2028,NL00,FRR,1825
ERAA 2025 final,2028,NOM1,FCR,300
ERAA 2025 final,2028,NOM1,FRR,600
ERAA 2025 final,2028,NON1,FCR,300
ERAA 2025 final,2028,NON1,FRR,600
ERAA 2025 final,2028,NOS1,FCR,300
ERAA 2025 final,2028,NOS1,FRR,600
ERAA 2025 final,2028,NOS2,FCR,300
ERAA 2025 final,2028,NOS2,FRR,600
ERAA 2025 final,2028,NOS3,FCR,300
ERAA 2025 final,2028,NOS3,FRR,600
ERAA 2025 final,2028,PL00,FCR,200
ERAA 2025 final,2028,PL00,FRR,1000
ERAA 2025 final,2028,PT00,FCR,53
ERAA 2025 final,2028,PT00,FRR,1300
ERAA 2025 final,2028,RO00,FCR,60
ERAA 2025 final,2028,RO00,FRR,1850
ERAA 2025 final,2028,RS00,FCR,34
ERAA 2025 final,2028,RS00,FRR,1431.721
ERAA 2025 final,2028,SE01,FCR,322
ERAA 2025 final,2028,SE01,FRR,147
ERAA 2025 final,2028,SE02,FCR,403
ERAA 2025 final,2028,SE02,FRR,174
ERAA 2025 final,2028,SE03,FCR,64
ERAA 2025 final,2028,SE03,FRR,324
ERAA 2025 final,2028,SE04,FRR,356
ERAA 2025 final,2028,SI00,FCR,29
ERAA 2025 final,2028,SI00,FRR,140
ERAA 2025 final,2028,SK00,FCR,15
ERAA 2025 final,2028,SK00,FRR,773
ERAA 2025 final,2028,UKNI,FRR,175
ERAA 2025 pre-CfE,2028,AL00,FCR,8
ERAA 2025 pre-CfE,2028,AL00,FRR,149
ERAA 2025 pre-CfE,2028,AT00,FCR,64.998
ERAA 2025 pre-CfE,2028,AT00,FRR,479.998
ERAA 2025 pre-CfE,2028,CY00,FCR,30
ERAA 2025 pre-CfE,2028,CY00,FRR,10
ERAA 2025 pre-CfE,2028,CZ00,FCR,22
ERAA 2025 pre-CfE,2028,CZ00,FRR,962
ERAA 2025 pre-CfE,2028,DE00,FCR,564
ERAA 2025 pre-CfE,2028,DE00,FRR,2550
ERAA 2025 pre-CfE,2028,DKE1,FCR,50
ERAA 2025 pre-CfE,2028,DKE1,FRR,550
ERAA 2025 pre-CfE,2028,DKW1,FCR,25
ERAA 2025 pre-CfE,2028,DKW1,FRR,550
ERAA 2025 pre-CfE,2028,EE00,FCR,12
ERAA 2025 pre-CfE,2028,EE00,FRR,303
ERAA 2025 pre-CfE,2028,ES00,FCR,350
ERAA 2025 pre-CfE,2028,ES00,FRR,6249.999
ERAA 2025 pre-CfE,2028,FI00,FCR,325
ERAA 2025 pre-CfE,2028,FI00,FRR,1613.999
ERAA 2025 pre-CfE,2028,FR00,FRR,2100
ERAA 2025 pre-CfE,2028,GR00,FCR,40
ERAA 2025 pre-CfE,2028,GR00,FRR,1450
ERAA 2025 pre-CfE,2028,HU00,FCR,42
ERAA 2025 pre-CfE,2028,HU00,FRR,690
ERAA 2025 pre-CfE,2028,IE00,FRR,525
ERAA 2025 pre-CfE,2028,ITCA,FCR,43
ERAA 2025 pre-CfE,2028,ITCA,FRR,420
ERAA 2025 pre-CfE,2028,ITCN,FCR,53
ERAA 2025 pre-CfE,2028,ITCN,FRR,560
ERAA 2025 pre-CfE,2028,ITCS,FCR,80
ERAA 2025 pre-CfE,2028,ITCS,FRR,420
ERAA 2025 pre-CfE,2028,ITN1,FCR,276
ERAA 2025 pre-CfE,2028,ITN1,FRR,1130
ERAA 2025 pre-CfE,2028,ITS1,FCR,43
ERAA 2025 pre-CfE,2028,ITS1,FRR,420
ERAA 2025 pre-CfE,2028,ITSA,FCR,16
ERAA 2025 pre-CfE,2028,ITSA,FRR,300
ERAA 2025 pre-CfE,2028,ITSI,FCR,32
ERAA 2025 pre-CfE,2028,ITSI,FRR,1005
ERAA 2025 pre-CfE,2028,LT00,FCR,16
ERAA 2025 pre-CfE,2028,LT00,FRR,474
ERAA 2025 pre-CfE,2028,MK00,FCR,8
ERAA 2025 pre-CfE,2028,MK00,FRR,180
ERAA 2025 pre-CfE,2028,NL00,FCR,116
ERAA 2025 pre-CfE,2028,NL00,FRR,1825
ERAA 2025 pre-CfE,2028,PL00,FCR,200
ERAA 2025 pre-CfE,2028,PL00,FRR,1000
ERAA 2025 pre-CfE,2028,PT00,FCR,53
ERAA 2025 pre-CfE,2028,PT00,FRR,1300
ERAA 2025 pre-CfE,2028,RO00,FCR,60
ERAA 2025 pre-CfE,2028,RO00,FRR,750
ERAA 2025 pre-CfE,2028,RS00,FCR,34
ERAA 2025 pre-CfE,2028,RS00,FRR,1431.721
ERAA 2025 pre-CfE,2028,SE01,FCR,322
ERAA 2025 pre-CfE,2028,SE01,FRR,147
ERAA 2025 pre-CfE,2028,SE02,FCR,403
ERAA 2025 pre-CfE,2028,SE02,FRR,174
ERAA 2025 pre-CfE,2028,SE03,FCR,64
ERAA 2025 pre-CfE,2028,SE03,FRR,324
ERAA 2025 pre-CfE,2028,SE04,FRR,356
ERAA 2025 pre-CfE,2028,SI00,FCR,29
ERAA 2025 pre-CfE,2028,SI00,FRR,140
ERAA 2025 pre-CfE,2028,SK00,FCR,32
ERAA 2025 pre-CfE,2028,SK00,FRR,843
ERAA 2025 pre-CfE,2028,UKNI,FRR,175
ERAA 2024,2030,AL00,FCR,8
ERAA 2024,2030,AL00,FRR,151
ERAA 2024,2030,AT00,FCR,72.1
ERAA 2024,2030,AT00,FRR,480
ERAA 2024,2030,BE00,FCR,48
ERAA 2024,2030,BE00,FRR,439
ERAA 2024,2030,BG00,FCR,45
ERAA 2024,2030,BG00,FRR,905
ERAA 2024,2030,CH00,FCR,62
ERAA 2024,2030,CH00,FRR,907
ERAA 2024,2030,CZ00,FCR,23
ERAA 2024,2030,CZ00,FRR,730
ERAA 2024,2030,DE00,FCR,564
ERAA 2024,2030,DE00,FRR,2533
ERAA 2024,2030,DKE1,FCR,69.6
ERAA 2024,2030,DKE1,FRR,662.3
ERAA 2024,2030,DKW1,FCR,33.2
ERAA 2024,2030,DKW1,FRR,800
ERAA 2024,2030,EE00,FCR,12
ERAA 2024,2030,EE00,FRR,346
ERAA 2024,2030,ES00,FCR,400
ERAA 2024,2030,ES00,FRR,6000
ERAA 2024,2030,FI00,FCR,325
ERAA 2024,2030,FI00,FRR,1659
ERAA 2024,2030,GR00,FCR,40
ERAA 2024,2030,GR00,FRR,2700
ERAA 2024,2030,HR00,FCR,157
ERAA 2024,2030,HR00,FRR,150
ERAA 2024,2030,HU00,FCR,46
ERAA 2024,2030,HU00,FRR,2583
ERAA 2024,2030,IE00,FCR,393.8
ERAA 2024,2030,IE00,FRR,481.3
ERAA 2024,2030,ITCA,FCR,43
ERAA 2024,2030,ITCA,FRR,420
ERAA 2024,2030,ITCN,FCR,53
ERAA 2024,2030,ITCN,FRR,560
ERAA 2024,2030,ITCS,FCR,80
ERAA 2024,2030,ITCS,FRR,420
ERAA 2024,2030,ITN1,FCR,276
ERAA 2024,2030,ITN1,FRR,1115
ERAA 2024,2030,ITS1,FCR,43
ERAA 2024,2030,ITS1,FRR,420
ERAA 2024,2030,ITSA,FCR,16
ERAA 2024,2030,ITSA,FRR,285
ERAA 2024,2030,ITSI,FCR,32
ERAA 2024,2030,ITSI,FRR,1065
ERAA 2024,2030,LT00,FCR,19
ERAA 2024,2030,LT00,FRR,584
ERAA 2024,2030,MK00,FCR,8
ERAA 2024,2030,MK00,FRR,180
ERAA 2024,2030,MT00,FCR,9.5
ERAA 2024,2030,NL00,FCR,116
ERAA 2024,2030,NL00,FRR,2000
ERAA 2024,2030,NOM1,FCR,50
ERAA 2024,2030,NOM1,FRR,100
ERAA 2024,2030,NON1,FCR,50
ERAA 2024,2030,NON1,FRR,100
ERAA 2024,2030,NOS1,FCR,33
ERAA 2024,2030,NOS1,FRR,166
ERAA 2024,2030,NOS2,FCR,33
ERAA 2024,2030,NOS2,FRR,166
ERAA 2024,2030,NOS3,FCR,33
ERAA 2024,2030,NOS3,FRR,166
ERAA 2024,2030,PL00,FCR,200
ERAA 2024,2030,PL00,FRR,1000
ERAA 2024,2030,PT00,FCR,53
ERAA 2024,2030,PT00,FRR,1550
ERAA 2024,2030,RO00,FCR,60
ERAA 2024,2030,RO00,FRR,750
ERAA 2024,2030,RS00,FCR,68
ERAA 2024,2030,RS00,FRR,1675.2
ERAA 2024,2030,SE01,FCR,322
ERAA 2024,2030,SE01,FRR,105
ERAA 2024,2030,SE02,FCR,403
ERAA 2024,2030,SE02,FRR,105
ERAA 2024,2030,SE03,FCR,64
ERAA 2024,2030,SE03,FRR,391
ERAA 2024,2030,SE04,FCR,16.1
ERAA 2024,2030,SI00,FCR,29
ERAA 2024,2030,SI00,FRR,240
ERAA 2024,2030,SK00,FCR,28.2
ERAA 2024,2030,SK00,FRR,654
ERAA 2024,2030,UKNI,FCR,161
ERAA 2024,2030,UKNI,FRR,39
ERAA 2025 final,2030,AL00,FCR,8
ERAA 2025 final,2030,AL00,FRR,150
ERAA 2025 final,2030,AT00,FCR,64.998
ERAA 2025 final,2030,AT00,FRR,479.998
ERAA 2025 final,2030,BE00,FCR,48
ERAA 2025 final,2030,BE00,FRR,497
ERAA 2025 final,2030,BG00,FCR,45
ERAA 2025 final,2030,BG00,FRR,905
ERAA 2025 final,2030,CH00,FCR,67
ERAA 2025 final,2030,CH00,FRR,886
ERAA 2025 final,2030,CY00,FCR,30
ERAA 2025 final,2030,CY00,FRR,30
ERAA 2025 final,2030,CZ00,FCR,22
ERAA 2025 final,2030,CZ00,FRR,962
ERAA 2025 final,2030,DE00,FCR,564
ERAA 2025 final,2030,DE00,FRR,2550
ERAA 2025 final,2030,DKE1,FCR,75
ERAA 2025 final,2030,DKE1,FRR,550
ERAA 2025 final,2030,DKW1,FCR,25
ERAA 2025 final,2030,DKW1,FRR,550
ERAA 2025 final,2030,EE00,FCR,12
ERAA 2025 final,2030,EE00,FRR,346
ERAA 2025 final,2030,ES00,FCR,400
ERAA 2025 final,2030,ES00,FRR,6999.998
ERAA 2025 final,2030,FI00,FCR,325
ERAA 2025 final,2030,FI00,FRR,1658.999
ERAA 2025 final,2030,FR00,FRR,2100
ERAA 2025 final,2030,GR00,FCR,40
ERAA 2025 final,2030,GR00,FRR,1200
ERAA 2025 final,2030,HU00,FCR,10
ERAA 2025 final,2030,HU00,FRR,817
ERAA 2025 final,2030,IE00,FRR,1050
ERAA 2025 final,2030,ITCA,FCR,43
ERAA 2025 final,2030,ITCA,FRR,480
ERAA 2025 final,2030,ITCN,FCR,53
ERAA 2025 final,2030,ITCN,FRR,640
ERAA 2025 final,2030,ITCS,FCR,80
ERAA 2025 final,2030,ITCS,FRR,480
ERAA 2025 final,2030,ITN1,FCR,276
ERAA 2025 final,2030,ITN1,FRR,1290
ERAA 2025 final,2030,ITS1,FCR,43
ERAA 2025 final,2030,ITS1,FRR,480
ERAA 2025 final,2030,ITSA,FCR,16
ERAA 2025 final,2030,ITSA,FRR,301
ERAA 2025 final,2030,ITSI,FCR,32
ERAA 2025 final,2030,ITSI,FRR,1000
ERAA 2025 final,2030,LT00,FCR,19
ERAA 2025 final,2030,LT00,FRR,584
ERAA 2025 final,2030,MK00,FCR,8
ERAA 2025 final,2030,MK00,FRR,180
ERAA 2025 final,2030,NL00,FCR,116
ERAA 2025 final,2030,NL00,FRR,2000
ERAA 2025 final,2030,NOM1,FCR,300
ERAA 2025 final,2030,NOM1,FRR,600
ERAA 2025 final,2030,NON1,FCR,300
ERAA 2025 final,2030,NON1,FRR,600
ERAA 2025 final,2030,NOS1,FCR,300
ERAA 2025 final,2030,NOS1,FRR,600
ERAA 2025 final,2030,NOS2,FCR,300
ERAA 2025 final,2030,NOS2,FRR,600
ERAA 2025 final,2030,NOS3,FCR,300
ERAA 2025 final,2030,NOS3,FRR,600
ERAA 2025 final,2030,PL00,FCR,200
ERAA 2025 final,2030,PL00,FRR,1000
ERAA 2025 final,2030,PT00,FCR,53
ERAA 2025 final,2030,PT00,FRR,1650
ERAA 2025 final,2030,RO00,FCR,60
ERAA 2025 final,2030,RO00,FRR,1850
ERAA 2025 final,2030,RS00,FCR,34
ERAA 2025 final,2030,RS00,FRR,1614.311
ERAA 2025 final,2030,SE01,FCR,322
ERAA 2025 final,2030,SE01,FRR,147
ERAA 2025 final,2030,SE02,FCR,403
ERAA 2025 final,2030,SE02,FRR,174
ERAA 2025 final,2030,SE03,FCR,64
ERAA 2025 final,2030,SE03,FRR,324
ERAA 2025 final,2030,SE04,FRR,356
ERAA 2025 final,2030,SI00,FCR,38
ERAA 2025 final,2030,SI00,FRR,150
ERAA 2025 final,2030,SK00,FCR,15
ERAA 2025 final,2030,SK00,FRR,773
ERAA 2025 final,2030,UKNI,FRR,175
ERAA 2025 pre-CfE,2030,AL00,FCR,8
ERAA 2025 pre-CfE,2030,AL00,FRR,150
ERAA 2025 pre-CfE,2030,AT00,FCR,64.998
ERAA 2025 pre-CfE,2030,AT00,FRR,479.998
ERAA 2025 pre-CfE,2030,CY00,FCR,30
ERAA 2025 pre-CfE,2030,CY00,FRR,10
ERAA 2025 pre-CfE,2030,CZ00,FCR,22
ERAA 2025 pre-CfE,2030,CZ00,FRR,962
ERAA 2025 pre-CfE,2030,DE00,FCR,564
ERAA 2025 pre-CfE,2030,DE00,FRR,2550
ERAA 2025 pre-CfE,2030,DKE1,FCR,75
ERAA 2025 pre-CfE,2030,DKE1,FRR,550
ERAA 2025 pre-CfE,2030,DKW1,FCR,25
ERAA 2025 pre-CfE,2030,DKW1,FRR,550
ERAA 2025 pre-CfE,2030,EE00,FCR,12
ERAA 2025 pre-CfE,2030,EE00,FRR,346
ERAA 2025 pre-CfE,2030,ES00,FCR,400
ERAA 2025 pre-CfE,2030,ES00,FRR,6999.999
ERAA 2025 pre-CfE,2030,FI00,FCR,325
ERAA 2025 pre-CfE,2030,FI00,FRR,1658.999
ERAA 2025 pre-CfE,2030,FR00,FRR,2100
ERAA 2025 pre-CfE,2030,GR00,FCR,40
ERAA 2025 pre-CfE,2030,GR00,FRR,1200
ERAA 2025 pre-CfE,2030,HU00,FCR,44
ERAA 2025 pre-CfE,2030,HU00,FRR,860
ERAA 2025 pre-CfE,2030,IE00,FRR,525
ERAA 2025 pre-CfE,2030,ITCA,FCR,43
ERAA 2025 pre-CfE,2030,ITCA,FRR,480
ERAA 2025 pre-CfE,2030,ITCN,FCR,53
ERAA 2025 pre-CfE,2030,ITCN,FRR,640
ERAA 2025 pre-CfE,2030,ITCS,FCR,80
ERAA 2025 pre-CfE,2030,ITCS,FRR,480
ERAA 2025 pre-CfE,2030,ITN1,FCR,276
ERAA 2025 pre-CfE,2030,ITN1,FRR,1290
ERAA 2025 pre-CfE,2030,ITS1,FCR,43
ERAA 2025 pre-CfE,2030,ITS1,FRR,480
ERAA 2025 pre-CfE,2030,ITSA,FCR,16
ERAA 2025 pre-CfE,2030,ITSA,FRR,301
ERAA 2025 pre-CfE,2030,ITSI,FCR,32
ERAA 2025 pre-CfE,2030,ITSI,FRR,1000
ERAA 2025 pre-CfE,2030,LT00,FCR,19
ERAA 2025 pre-CfE,2030,LT00,FRR,584
ERAA 2025 pre-CfE,2030,MK00,FCR,8
ERAA 2025 pre-CfE,2030,MK00,FRR,180
ERAA 2025 pre-CfE,2030,NL00,FCR,116
ERAA 2025 pre-CfE,2030,NL00,FRR,2000
ERAA 2025 pre-CfE,2030,PL00,FCR,200
ERAA 2025 pre-CfE,2030,PL00,FRR,1000
ERAA 2025 pre-CfE,2030,PT00,FCR,53
ERAA 2025 pre-CfE,2030,PT00,FRR,1650
ERAA 2025 pre-CfE,2030,RO00,FCR,60
ERAA 2025 pre-CfE,2030,RO00,FRR,750
ERAA 2025 pre-CfE,2030,RS00,FCR,34
ERAA 2025 pre-CfE,2030,RS00,FRR,1614.311
ERAA 2025 pre-CfE,2030,SE01,FCR,322
ERAA 2025 pre-CfE,2030,SE01,FRR,147
ERAA 2025 pre-CfE,2030,SE02,FCR,403
ERAA 2025 pre-CfE,2030,SE02,FRR,174
ERAA 2025 pre-CfE,2030,SE03,FCR,64
ERAA 2025 pre-CfE,2030,SE03,FRR,324
ERAA 2025 pre-CfE,2030,SE04,FRR,356
ERAA 2025 pre-CfE,2030,SI00,FCR,38
ERAA 2025 pre-CfE,2030,SI00,FRR,150
ERAA 2025 pre-CfE,2030,SK00,FCR,32
ERAA 2025 pre-CfE,2030,SK00,FRR,843
ERAA 2025 pre-CfE,2030,UKNI,FRR,175
ERAA 2025 final,2033,AL00,FCR,8
ERAA 2025 final,2033,AL00,FRR,152
ERAA 2025 final,2033,AT00,FCR,64.998
ERAA 2025 final,2033,AT00,FRR,479.998
ERAA 2025 final,2033,BE00,FCR,48
ERAA 2025 final,2033,BG00,FCR,45
ERAA 2025 final,2033,BG00,FRR,905
ERAA 2025 final,2033,CH00,FCR,67
ERAA 2025 final,2033,CH00,FRR,886
ERAA 2025 final,2033,CY00,FCR,30
ERAA 2025 final,2033,CY00,FRR,30
ERAA 2025 final,2033,CZ00,FCR,22
ERAA 2025 final,2033,CZ00,FRR,962
ERAA 2025 final,2033,DE00,FCR,564
ERAA 2025 final,2033,DE00,FRR,2550
ERAA 2025 final,2033,DKE1,FCR,75
ERAA 2025 final,2033,DKE1,FRR,550
ERAA 2025 final,2033,DKW1,FCR,50
ERAA 2025 final,2033,DKW1,FRR,550
ERAA 2025 final,2033,EE00,FCR,12
ERAA 2025 final,2033,EE00,FRR,352
ERAA 2025 final,2033,ES00,FCR,407.499
ERAA 2025 final,2033,ES00,FRR,6999.997
ERAA 2025 final,2033,FI00,FCR,325
ERAA 2025 final,2033,FI00,FRR,1658.999
ERAA 2025 final,2033,FR00,FRR,2100
ERAA 2025 final,2033,GR00,FCR,40
ERAA 2025 final,2033,GR00,FRR,1750
ERAA 2025 final,2033,HU00,FCR,10
ERAA 2025 final,2033,HU00,FRR,1121
ERAA 2025 final,2033,IE00,FRR,1050
ERAA 2025 final,2033,ITCA,FCR,43
ERAA 2025 final,2033,ITCA,FRR,540
ERAA 2025 final,2033,ITCN,FCR,53
ERAA 2025 final,2033,ITCN,FRR,720
ERAA 2025 final,2033,ITCS,FCR,80
ERAA 2025 final,2033,ITCS,FRR,540
ERAA 2025 final,2033,ITN1,FCR,276
ERAA 2025 final,2033,ITN1,FRR,1439
ERAA 2025 final,2033,ITS1,FCR,43
ERAA 2025 final,2033,ITS1,FRR,540
ERAA 2025 final,2033,ITSA,FCR,16
ERAA 2025 final,2033,ITSA,FRR,300
ERAA 2025 final,2033,ITSI,FCR,32
ERAA 2025 final,2033,ITSI,FRR,999
ERAA 2025 final,2033,LT00,FCR,23
ERAA 2025 final,2033,LT00,FRR,594
ERAA 2025 final,2033,MK00,FCR,8
ERAA 2025 final,2033,MK00,FRR,180
ERAA 2025 final,2033,NL00,FCR,116
ERAA 2025 final,2033,NL00,FRR,2000
ERAA 2025 final,2033,NOM1,FCR,300
ERAA 2025 final,2033,NOM1,FRR,600
ERAA 2025 final,2033,NON1,FCR,300
ERAA 2025 final,2033,NON1,FRR,600
ERAA 2025 final,2033,NOS1,FCR,300
ERAA 2025 final,2033,NOS1,FRR,600
ERAA 2025 final,2033,NOS2,FCR,300
ERAA 2025 final,2033,NOS2,FRR,600
ERAA 2025 final,2033,NOS3,FCR,300
ERAA 2025 final,2033,NOS3,FRR,600
ERAA 2025 final,2033,PL00,FCR,200
ERAA 2025 final,2033,PL00,FRR,1000
ERAA 2025 final,2033,PT00,FCR,53
ERAA 2025 final,2033,PT00,FRR,1750
ERAA 2025 final,2033,RO00,FCR,60
ERAA 2025 final,2033,RO00,FRR,1850
ERAA 2025 final,2033,RS00,FCR,34
ERAA 2025 final,2033,RS00,FRR,1614.311
ERAA 2025 final,2033,SE01,FCR,322
ERAA 2025 final,2033,SE01,FRR,147
ERAA 2025 final,2033,SE02,FCR,403
ERAA 2025 final,2033,SE02,FRR,174
ERAA 2025 final,2033,SE03,FCR,64
ERAA 2025 final,2033,SE03,FRR,324
ERAA 2025 final,2033,SE04,FRR,356
ERAA 2025 final,2033,SI00,FCR,38
ERAA 2025 final,2033,SI00,FRR,150
ERAA 2025 final,2033,SK00,FCR,15
ERAA 2025 final,2033,SK00,FRR,773
ERAA 2025 final,2033,UKNI,FRR,175
ERAA 2025 pre-CfE,2033,AL00,FCR,8
ERAA 2025 pre-CfE,2033,AL00,FRR,152
ERAA 2025 pre-CfE,2033,AT00,FCR,64.998
ERAA 2025 pre-CfE,2033,AT00,FRR,479.998
ERAA 2025 pre-CfE,2033,CY00,FCR,30
ERAA 2025 pre-CfE,2033,CY00,FRR,10
ERAA 2025 pre-CfE,2033,CZ00,FCR,22
ERAA 2025 pre-CfE,2033,CZ00,FRR,962
ERAA 2025 pre-CfE,2033,DE00,FCR,564
ERAA 2025 pre-CfE,2033,DE00,FRR,2550
ERAA 2025 pre-CfE,2033,DKE1,FCR,75
ERAA 2025 pre-CfE,2033,DKE1,FRR,550
ERAA 2025 pre-CfE,2033,DKW1,FCR,50
ERAA 2025 pre-CfE,2033,DKW1,FRR,550
ERAA 2025 pre-CfE,2033,EE00,FCR,12
ERAA 2025 pre-CfE,2033,EE00,FRR,352
ERAA 2025 pre-CfE,2033,ES00,FCR,407.499
ERAA 2025 pre-CfE,2033,ES00,FRR,6999.999
ERAA 2025 pre-CfE,2033,FI00,FCR,325
ERAA 2025 pre-CfE,2033,FI00,FRR,1658.999
ERAA 2025 pre-CfE,2033,FR00,FRR,2100
ERAA 2025 pre-CfE,2033,GR00,FCR,40
ERAA 2025 pre-CfE,2033,GR00,FRR,1750
ERAA 2025 pre-CfE,2033,HU00,FCR,47
ERAA 2025 pre-CfE,2033,HU00,FRR,1180
ERAA 2025 pre-CfE,2033,IE00,FRR,525
ERAA 2025 pre-CfE,2033,ITCA,FCR,43
ERAA 2025 pre-CfE,2033,ITCA,FRR,540
ERAA 2025 pre-CfE,2033,ITCN,FCR,53
ERAA 2025 pre-CfE,2033,ITCN,FRR,720
ERAA 2025 pre-CfE,2033,ITCS,FCR,80
ERAA 2025 pre-CfE,2033,ITCS,FRR,540
ERAA 2025 pre-CfE,2033,ITN1,FCR,276
ERAA 2025 pre-CfE,2033,ITN1,FRR,1439
ERAA 2025 pre-CfE,2033,ITS1,FCR,43
ERAA 2025 pre-CfE,2033,ITS1,FRR,540
ERAA 2025 pre-CfE,2033,ITSA,FCR,16
ERAA 2025 pre-CfE,2033,ITSA,FRR,300
ERAA 2025 pre-CfE,2033,ITSI,FCR,32
ERAA 2025 pre-CfE,2033,ITSI,FRR,999
ERAA 2025 pre-CfE,2033,LT00,FCR,23
ERAA 2025 pre-CfE,2033,LT00,FRR,594
ERAA 2025 pre-CfE,2033,MK00,FCR,8
ERAA 2025 pre-CfE,2033,MK00,FRR,180
ERAA 2025 pre-CfE,2033,NL00,FCR,116
ERAA 2025 pre-CfE,2033,NL00,FRR,2000
ERAA 2025 pre-CfE,2033,PL00,FCR,200
ERAA 2025 pre-CfE,2033,PL00,FRR,1000
ERAA 2025 pre-CfE,2033,PT00,FCR,53
ERAA 2025 pre-CfE,2033,PT00,FRR,1750
ERAA 2025 pre-CfE,2033,RO00,FCR,60
ERAA 2025 pre-CfE,2033,RO00,FRR,750
ERAA 2025 pre-CfE,2033,RS00,FCR,34
ERAA 2025 pre-CfE,2033,RS00,FRR,1614.311
ERAA 2025 pre-CfE,2033,SE01,FCR,322
ERAA 2025 pre-CfE,2033,SE01,FRR,147
ERAA 2025 pre-CfE,2033,SE02,FCR,403
ERAA 2025 pre-CfE,2033,SE02,FRR,174
ERAA 2025 pre-CfE,2033,SE03,FCR,64
ERAA 2025 pre-CfE,2033,SE03,FRR,324
ERAA 2025 pre-CfE,2033,SE04,FRR,356
ERAA 2025 pre-CfE,2033,SI00,FCR,38
ERAA 2025 pre-CfE,2033,SI00,FRR,150
ERAA 2025 pre-CfE,2033,SK00,FCR,32
ERAA 2025 pre-CfE,2033,SK00,FRR,843
ERAA 2025 pre-CfE,2033,UKNI,FRR,175
ERAA 2024,2035,AL00,FCR,9
ERAA 2024,2035,AL00,FRR,153
ERAA 2024,2035,AT00,FCR,72.1
ERAA 2024,2035,AT00,FRR,480
ERAA 2024,2035,BE00,FCR,48
ERAA 2024,2035,BE00,FRR,439
ERAA 2024,2035,BG00,FCR,45
ERAA 2024,2035,BG00,FRR,905
ERAA 2024,2035,CH00,FCR,62
ERAA 2024,2035,CH00,FRR,907
ERAA 2024,2035,CZ00,FCR,23
ERAA 2024,2035,CZ00,FRR,660
ERAA 2024,2035,DE00,FCR,564
ERAA 2024,2035,DE00,FRR,2533
ERAA 2024,2035,DKE1,FCR,82.2
ERAA 2024,2035,DKE1,FRR,676
ERAA 2024,2035,DKW1,FCR,41.2
ERAA 2024,2035,DKW1,FRR,864.5
ERAA 2024,2035,EE00,FCR,12
ERAA 2024,2035,EE00,FRR,352
ERAA 2024,2035,ES00,FCR,400
ERAA 2024,2035,ES00,FRR,5999.9
ERAA 2024,2035,FI00,FCR,325
ERAA 2024,2035,FI00,FRR,1659
ERAA 2024,2035,GR00,FCR,40
ERAA 2024,2035,GR00,FRR,3450
ERAA 2024,2035,HR00,FCR,187
ERAA 2024,2035,HR00,FRR,150
ERAA 2024,2035,HU00,FCR,52
ERAA 2024,2035,HU00,FRR,2900
ERAA 2024,2035,IE00,FCR,393.8
ERAA 2024,2035,IE00,FRR,481.3
ERAA 2024,2035,ITCA,FCR,43
ERAA 2024,2035,ITCA,FRR,420
ERAA 2024,2035,ITCN,FCR,53
ERAA 2024,2035,ITCN,FRR,555
ERAA 2024,2035,ITCS,FCR,80
ERAA 2024,2035,ITCS,FRR,420
ERAA 2024,2035,ITN1,FCR,276
ERAA 2024,2035,ITN1,FRR,1115
ERAA 2024,2035,ITS1,FCR,43
ERAA 2024,2035,ITS1,FRR,425
ERAA 2024,2035,ITSA,FCR,16
ERAA 2024,2035,ITSA,FRR,285
ERAA 2024,2035,ITSI,FCR,32
ERAA 2024,2035,ITSI,FRR,1040
ERAA 2024,2035,LT00,FCR,23
ERAA 2024,2035,LT00,FRR,594
ERAA 2024,2035,MK00,FCR,8
ERAA 2024,2035,MK00,FRR,180
ERAA 2024,2035,MT00,FCR,9.5
ERAA 2024,2035,NL00,FCR,116
ERAA 2024,2035,NL00,FRR,2000
ERAA 2024,2035,NOM1,FCR,50
ERAA 2024,2035,NOM1,FRR,100
ERAA 2024,2035,NON1,FCR,50
ERAA 2024,2035,NON1,FRR,100
ERAA 2024,2035,NOS1,FCR,33
ERAA 2024,2035,NOS1,FRR,166
ERAA 2024,2035,NOS2,FCR,33
ERAA 2024,2035,NOS2,FRR,166
ERAA 2024,2035,NOS3,FCR,33
ERAA 2024,2035,NOS3,FRR,166
ERAA 2024,2035,PL00,FCR,200
ERAA 2024,2035,PL00,FRR,1120
ERAA 2024,2035,PT00,FCR,53
ERAA 2024,2035,PT00,FRR,1715
ERAA 2024,2035,RO00,FCR,60
ERAA 2024,2035,RO00,FRR,750
ERAA 2024,2035,RS00,FCR,68
ERAA 2024,2035,RS00,FRR,1675.2
ERAA 2024,2035,SE01,FCR,322
ERAA 2024,2035,SE01,FRR,105
ERAA 2024,2035,SE02,FCR,403
ERAA 2024,2035,SE02,FRR,105
ERAA 2024,2035,SE03,FCR,64
ERAA 2024,2035,SE03,FRR,391
ERAA 2024,2035,SE04,FCR,16.1
ERAA 2024,2035,SK00,FCR,28.2
ERAA 2024,2035,SK00,FRR,654
ERAA 2024,2035,UKNI,FCR,161
ERAA 2024,2035,UKNI,FRR,39
ERAA 2025 final,2035,AL00,FCR,9
ERAA 2025 final,2035,AL00,FRR,152
ERAA 2025 final,2035,AT00,FCR,64.998
ERAA 2025 final,2035,AT00,FRR,479.998
ERAA 2025 final,2035,BE00,FCR,48
ERAA 2025 final,2035,BE00,FRR,495
ERAA 2025 final,2035,BG00,FCR,45
ERAA 2025 final,2035,BG00,FRR,905
ERAA 2025 final,2035,CH00,FCR,67
ERAA 2025 final,2035,CH00,FRR,886
ERAA 2025 final,2035,CY00,FCR,30
ERAA 2025 final,2035,CY00,FRR,30
ERAA 2025 final,2035,CZ00,FCR,22
ERAA 2025 final,2035,CZ00,FRR,962
ERAA 2025 final,2035,DE00,FCR,564
ERAA 2025 final,2035,DE00,FRR,2550
ERAA 2025 final,2035,DKE1,FCR,75
ERAA 2025 final,2035,DKE1,FRR,550
ERAA 2025 final,2035,DKW1,FCR,50
ERAA 2025 final,2035,DKW1,FRR,550
ERAA 2025 final,2035,EE00,FCR,12
ERAA 2025 final,2035,EE00,FRR,352
ERAA 2025 final,2035,ES00,FCR,412.499
ERAA 2025 final,2035,ES00,FRR,6999.995
ERAA 2025 final,2035,FI00,FCR,325
ERAA 2025 final,2035,FI00,FRR,1658.999
ERAA 2025 final,2035,FR00,FRR,2100
ERAA 2025 final,2035,GR00,FCR,40
ERAA 2025 final,2035,GR00,FRR,2050
ERAA 2025 final,2035,HU00,FCR,10
ERAA 2025 final,2035,HU00,FRR,1121
ERAA 2025 final,2035,IE00,FRR,1050
ERAA 2025 final,2035,ITCA,FCR,43
ERAA 2025 final,2035,ITCA,FRR,580
ERAA 2025 final,2035,ITCN,FCR,53
ERAA 2025 final,2035,ITCN,FRR,770
ERAA 2025 final,2035,ITCS,FCR,80
ERAA 2025 final,2035,ITCS,FRR,580
ERAA 2025 final,2035,ITN1,FCR,276
ERAA 2025 final,2035,ITN1,FRR,1540
ERAA 2025 final,2035,ITS1,FCR,43
ERAA 2025 final,2035,ITS1,FRR,580
ERAA 2025 final,2035,ITSA,FCR,16
ERAA 2025 final,2035,ITSA,FRR,300
ERAA 2025 final,2035,ITSI,FCR,32
ERAA 2025 final,2035,ITSI,FRR,999
ERAA 2025 final,2035,LT00,FCR,23
ERAA 2025 final,2035,LT00,FRR,594
ERAA 2025 final,2035,MK00,FCR,8
ERAA 2025 final,2035,MK00,FRR,180
ERAA 2025 final,2035,NL00,FCR,116
ERAA 2025 final,2035,NL00,FRR,2000
ERAA 2025 final,2035,NOM1,FCR,300
ERAA 2025 final,2035,NOM1,FRR,600
ERAA 2025 final,2035,NON1,FCR,300
ERAA 2025 final,2035,NON1,FRR,600
ERAA 2025 final,2035,NOS1,FCR,300
ERAA 2025 final,2035,NOS1,FRR,600
ERAA 2025 final,2035,NOS2,FCR,300
ERAA 2025 final,2035,NOS2,FRR,600
ERAA 2025 final,2035,NOS3,FCR,300
ERAA 2025 final,2035,NOS3,FRR,600
ERAA 2025 final,2035,PL00,FCR,200
ERAA 2025 final,2035,PL00,FRR,1000
ERAA 2025 final,2035,PT00,FCR,53
ERAA 2025 final,2035,PT00,FRR,1800
ERAA 2025 final,2035,RO00,FCR,60
ERAA 2025 final,2035,RO00,FRR,1900
ERAA 2025 final,2035,RS00,FCR,34
ERAA 2025 final,2035,RS00,FRR,1614.311
ERAA 2025 final,2035,SE01,FCR,322
ERAA 2025 final,2035,SE01,FRR,147
ERAA 2025 final,2035,SE02,FCR,403
ERAA 2025 final,2035,SE02,FRR,174
ERAA 2025 final,2035,SE03,FCR,64
ERAA 2025 final,2035,SE03,FRR,324
ERAA 2025 final,2035,SE04,FRR,356
ERAA 2025 final,2035,SI00,FCR,38
ERAA 2025 final,2035,SI00,FRR,150
ERAA 2025 final,2035,SK00,FCR,15
ERAA 2025 final,2035,SK00,FRR,773
ERAA 2025 final,2035,UKNI,FRR,175
ERAA 2025 pre-CfE,2035,AL00,FCR,9
ERAA 2025 pre-CfE,2035,AL00,FRR,152
ERAA 2025 pre-CfE,2035,AT00,FCR,64.998
ERAA 2025 pre-CfE,2035,AT00,FRR,479.998
ERAA 2025 pre-CfE,2035,CY00,FCR,30
ERAA 2025 pre-CfE,2035,CY00,FRR,10
ERAA 2025 pre-CfE,2035,CZ00,FCR,22
ERAA 2025 pre-CfE,2035,CZ00,FRR,962
ERAA 2025 pre-CfE,2035,DE00,FCR,564
ERAA 2025 pre-CfE,2035,DE00,FRR,2550
ERAA 2025 pre-CfE,2035,DKE1,FCR,75
ERAA 2025 pre-CfE,2035,DKE1,FRR,550
ERAA 2025 pre-CfE,2035,DKW1,FCR,50
ERAA 2025 pre-CfE,2035,DKW1,FRR,550
ERAA 2025 pre-CfE,2035,EE00,FCR,12
ERAA 2025 pre-CfE,2035,EE00,FRR,352
ERAA 2025 pre-CfE,2035,ES00,FCR,412.499
ERAA 2025 pre-CfE,2035,ES00,FRR,6999.997
ERAA 2025 pre-CfE,2035,FI00,FCR,325
ERAA 2025 pre-CfE,2035,FI00,FRR,1658.999
ERAA 2025 pre-CfE,2035,FR00,FRR,2100
ERAA 2025 pre-CfE,2035,GR00,FCR,40
ERAA 2025 pre-CfE,2035,GR00,FRR,2050
ERAA 2025 pre-CfE,2035,HU00,FCR,49
ERAA 2025 pre-CfE,2035,HU00,FRR,1180
ERAA 2025 pre-CfE,2035,IE00,FRR,525
ERAA 2025 pre-CfE,2035,ITCA,FCR,43
ERAA 2025 pre-CfE,2035,ITCA,FRR,580
ERAA 2025 pre-CfE,2035,ITCN,FCR,53
ERAA 2025 pre-CfE,2035,ITCN,FRR,770
ERAA 2025 pre-CfE,2035,ITCS,FCR,80
ERAA 2025 pre-CfE,2035,ITCS,FRR,580
ERAA 2025 pre-CfE,2035,ITN1,FCR,276
ERAA 2025 pre-CfE,2035,ITN1,FRR,1540
ERAA 2025 pre-CfE,2035,ITS1,FCR,43
ERAA 2025 pre-CfE,2035,ITS1,FRR,580
ERAA 2025 pre-CfE,2035,ITSA,FCR,16
ERAA 2025 pre-CfE,2035,ITSA,FRR,300
ERAA 2025 pre-CfE,2035,ITSI,FCR,32
ERAA 2025 pre-CfE,2035,ITSI,FRR,999
ERAA 2025 pre-CfE,2035,LT00,FCR,23
ERAA 2025 pre-CfE,2035,LT00,FRR,594
ERAA 2025 pre-CfE,2035,MK00,FCR,8
ERAA 2025 pre-CfE,2035,MK00,FRR,180
ERAA 2025 pre-CfE,2035,NL00,FCR,116
ERAA 2025 pre-CfE,2035,NL00,FRR,2000
ERAA 2025 pre-CfE,2035,PL00,FCR,200
ERAA 2025 pre-CfE,2035,PL00,FRR,1000
ERAA 2025 pre-CfE,2035,PT00,FCR,53
ERAA 2025 pre-CfE,2035,PT00,FRR,1800
ERAA 2025 pre-CfE,2035,RO00,FCR,60
ERAA 2025 pre-CfE,2035,RO00,FRR,750
ERAA 2025 pre-CfE,2035,RS00,FCR,34
ERAA 2025 pre-CfE,2035,RS00,FRR,1614.311
ERAA 2025 pre-CfE,2035,SE01,FCR,322
ERAA 2025 pre-CfE,2035,SE01,FRR,147
ERAA 2025 pre-CfE,2035,SE02,FCR,403
ERAA 2025 pre-CfE,2035,SE02,FRR,174
ERAA 2025 pre-CfE,2035,SE03,FCR,64
ERAA 2025 pre-CfE,2035,SE03,FRR,324
ERAA 2025 pre-CfE,2035,SE04,FRR,356
ERAA 2025 pre-CfE,2035,SI00,FCR,38
ERAA 2025 pre-CfE,2035,SI00,FRR,150
ERAA 2025 pre-CfE,2035,SK00,FCR,32
ERAA 2025 pre-CfE,2035,SK00,FRR,843
ERAA 2025 pre-CfE,2035,UKNI,FRR,175
