name,region,season,stat,IMPORT_EXPORT,TOTAL,b_CHP,bio,biogas,coal,coal_bp,coal_ex,dsr,eens,gas_ccgt,gas_chp,gas_eng_chp,gas_peak,h_dams,h_ror,li,lig,lig_bp,lig_ex,lig_old,lig_sc,nuclear,onshore,pump,pump_open,solar,waste
2028-base,CZ,S,avg_consumer_price_EUR_per_MWh,,82.00417876767278,,,,,,,,,,,,,,,,,,,,,,,,,,
2028-base,CZ,S,avg_producer_price_EUR_per_MWh,,80.0039178848799,,,,,,,,,,,,,,,,,,,,,,,,,,
2028-base,CZ,S,capacity_factor,,1.229986802881773,2.1594323674262106e-21,,0.1593486934048983,,,-8.35140583044419e-20,,,0.7491347584401585,0.3351394374338252,0.4847903645598543,0.0,0.1285431103450886,0.2875361514946277,0.0837285246203668,0.0,0.2442687249662195,0.3788393443236328,0.0,0.0,0.7758452989642761,0.1861376723327739,0.1314705771819243,0.1377826909075772,0.1707422905508735,0.5628915601571789
2028-base,CZ,S,capacity_factor_charging,,,,,,,,,,,,,,,,,0.007977612446474,,,,,,,,0.1858735691614987,0.1941658758484833,,
2028-base,CZ,S,capex_mn_EUR_per_yr,,,109.81713302115293,0.0,16.217086196531145,0.0,0.0,26.048184884115727,0.0,,76.18061222457844,138.841538451773,22.59441391073202,7.893982066856129,123.71530195731836,84.30517292657983,4.011568788183623,321.06706043239666,118.59824069033428,547.1244805327576,397.5115986305863,144.15255774515765,2738.469079112492,68.82996852045387,137.73230661258106,95.4781476517892,362.9795164565344,228.2938717209026
2028-base,CZ,S,charged_TWh,,2.805620584575145,,,,,,,,,,,,,0.0,0.0,0.043766492762634,,,,,,,,0.5390987780646912,0.373171280110717,,
2028-base,CZ,S,curtailment_TWh,,0.000152567466618,,,,,,,,,,,,,,,,,,,,,,,,,,
2028-base,CZ,S,discharged_TWh,,5.596567189092328,,,,,,,,,,,,,0.3419390703462944,0.5212225325373415,0.0365726195541762,,,,,,,,0.3893506402065777,0.2828623531256197,,
2028-base,CZ,S,emissions_MtCO2,,30.491766250132585,0.0,0.0,0.0,0.0,0.0,-3.5440983481206853e-20,0.0,0.0,0.7936771125613968,0.4396058855320978,0.3429924795005759,0.0,0.0,0.0,0.0,0.0,0.764758400108048,2.7358316642541056,0.0,0.0,0.0,0.0,0.0,0.0,0.0,0.0
2028-base,CZ,S,export_TWh,,2.073181612104608,,,,,,,,,,,,,,,,,,,,,,,,,,
2028-base,CZ,S,heat_production_PJ,,,1.2789769243689436e-20,,,,0.0,-2.643005814206221e-18,,5.649241074934249e-19,,1.4179863182615482,2.5256718945042405,,,,,,4.129695360583458,16.495660026650757,,,,,,,,
2028-base,CZ,S,import_TWh,,6.78755761104365,,,,,,,,,,,,,,,,,,,,,,,,,,
2028-base,CZ,S,inflow_TWh,,,,,,,,,,,,,,,0.340147,0.523449,,,,,,,,,,0.013224,,
2028-base,CZ,S,load_TWh,,30.649466236,,,,,,,,,,,,,,,,,,,,,,,,,,
2028-base,CZ,S,net_import_TWh,,4.714375998939042,,,,,,,,,,,,,,,,,,,,,,,,,,
2028-base,CZ,S,opex_mn_EUR,,,1.198331785882242e-19,0.0,19.29735479561562,0.0,0.0,2.4759423176125545e-17,0.0,,175.53074015549632,81.61888367484438,75.94944835850251,0.0,1.025817211038883,,0.1828630977708811,0.0,84.68639151597961,122.43559906903776,0.0,0.0,284.9058333494021,0.0,1.557402560826311,1.1314494125024788,0.0,19.971128931620505
2028-base,CZ,S,power_share_high_value,,,,,,,,,,,,,,,,,,,,,,,0.9603398419245944,0.9634090958151562,,,0.8644864718333534,
2028-base,CZ,S,power_share_low_value,,,,,,,,,,,,,,,,,,,,,,,0.0391700323014904,0.0358535194231236,,,0.1340733343010034,
2028-base,CZ,S,power_share_zero_value,,,,,,,,,,,,,,,,,,,,,,,0.0004901257739149,0.0007373847617202,,,0.001440193865643,
2028-base,CZ,S,production_TWh,,113.35013811001316,7.89491928622823e-22,0.0,0.1941937908891343,0.0,0.0,2.2031054229613418e-19,0.0,-1.5692336319261805e-19,2.0202690137926465,0.922054255333256,0.7015755262511779,0.0,0.3419390703462944,0.5212225325373415,0.0365726195541762,0.0,0.382379200054024,1.0993574552609753,0.0,0.0,13.891069397825554,0.4065246763747783,0.3893506402065777,0.2828623531256197,5.220616275883509,0.4812925480305537
2028-base,CZ,S,production_el_eq_TWh,,,1.9737298215570258e-21,,,,0.0,-4.1892415462419443e-20,,0.0,,1.118996799536249,0.7015755262511779,,,,,,0.382379200054024,2.7358316642541056,,,,,,,,
2028-base,CZ,S,production_excess_TWh,,,,,,,,,,,,,,,,,,,,,,,,0.0,,,0.0,
2028-base,CZ,S,production_hours,,,0.0,0.0,818.0,0.0,0.0,0.0,0.0,0.0,3455.0,3764.0,2490.0,0.0,4368.0,4368.0,412.0,0.0,2768.0,4368.0,0.0,0.0,,,830.0,936.0,,2983.0
2028-base,CZ,S,production_used_TWh,,,,,,,,,,,,,,,,,,,,,,,,0.4065246763747783,,,5.220616275883509,
2028-base,CZ,S,wholesale_expenses_mn_EUR,388.45150153093033,,,,,,,,,,,,,,0.0,0.0,2.0860247286187894,,,,,,,,23.269212781673343,16.15911732135814,,
2028-base,CZ,S,wholesale_revenues_mn_EUR,4.210851123660492,,1.0628209859865434e-19,0.0,19.72564430217232,0.0,0.0,5.119234059429751e-17,0.0,,186.42741376630187,87.52020105763603,68.6661964833848,0.0,31.75010424130809,43.06957532911811,3.626127038984564,0.0,34.066762253248186,89.08690742085501,0.0,0.0,1148.278039584758,31.95752268314037,38.54917451272188,28.12991688418375,313.476507258949,46.44057459376198
2028-base,CZ,W,avg_consumer_price_EUR_per_MWh,,97.17293272319404,,,,,,,,,,,,,,,,,,,,,,,,,,
2028-base,CZ,W,avg_producer_price_EUR_per_MWh,,97.02878333777028,,,,,,,,,,,,,,,,,,,,,,,,,,
2028-base,CZ,W,capacity_factor,,1.2232655635217635,-6.87242300977243e-21,,0.4437800707669227,,,0.0552139380049942,,,0.9431193338907948,0.7304442024792474,0.5816110399824375,0.0648224399569054,0.1203818272136157,0.3041861434810279,0.1214013001545159,0.0758945505071517,0.820818353676586,0.6075209142727553,0.0,0.2415163223778816,0.8170054343251856,0.3357439397885852,0.0527374321320239,0.0676055226642743,0.0712888491089187,0.7698746960912318
2028-base,CZ,W,capacity_factor_charging,,,,,,,,,,,,,,,,,0.0107100117096064,,,,,,,,0.0753620601983153,0.0868917377707965,,
2028-base,CZ,W,capex_mn_EUR_per_yr,,,109.81713302115293,0.0,16.217086196531145,0.0,0.0,26.048184884115727,0.0,,76.18061222457844,138.841538451773,22.59441391073202,7.893982066856129,123.71530195731836,84.30517292657983,4.011568788183623,321.06706043239666,118.59824069033428,547.1244805327576,397.5115986305863,144.15255774515765,2738.469079112492,68.82996852045387,137.73230661258106,95.4781476517892,362.9795164565344,228.2938717209026
2028-base,CZ,W,charged_TWh,,2.805620584575145,,,,,,,,,,,,,0.0,0.0,0.0590797241305965,,,,,,,,0.2197774718116245,0.1679165454073088,,
2028-base,CZ,W,curtailment_TWh,,1.7589627532288432e-15,,,,,,,,,,,,,,,,,,,,,,,,,,
2028-base,CZ,W,discharged_TWh,,5.596567189092328,,,,,,,,,,,,,0.32198864393942,0.554434,0.0533194510278633,,,,,,,,0.1570402597043696,0.1395540241045017,,
2028-base,CZ,W,emissions_MtCO2,,30.491766250132585,-0.0,0.0,0.0,0.0,0.0,0.0235599628652142,0.0,0.0,1.004685786759452,0.963395714467843,0.413754720499474,0.0150720974490702,0.0,0.0,0.0,0.3233956656257534,2.583944319891961,4.411387726674908,0.0,0.4298215888763912,0.0,0.0,0.0,0.0,0.0,0.0
2028-base,CZ,W,export_TWh,,1.613505057683433,,,,,,,,,,,,,,,,,,,,,,,,,,
2028-base,CZ,W,heat_production_PJ,,,-4.092726157978467e-20,,,,0.0,0.148370035896,,0.0,,1.5754762726622211,3.046739305496127,,,,,,13.953299327416588,24.717443938529065,,,,,,,,
2028-base,CZ,W,import_TWh,,8.161188576492004,,,,,,,,,,,,,,,,,,,,,,,,,,
2028-base,CZ,W,inflow_TWh,,,,,,,,,,,,,,,0.3237807142857143,0.554434,,,,,,,,,,0.0196091428571428,,
2028-base,CZ,W,load_TWh,,35.884699477,,,,,,,,,,,,,,,,,,,,,,,,,,
2028-base,CZ,W,net_import_TWh,,6.5476835188085705,,,,,,,,,,,,,,,,,,,,,,,,,,
2028-base,CZ,W,opex_mn_EUR,,,-3.834661714821068e-19,0.0,53.79824855229524,0.0,0.0,1.5414044855112934,0.0,,215.7262894256488,194.12132776694384,91.61846004150853,3.34378172468624,0.96596593181826,1.108868,0.266597255139317,36.74180983212925,282.3707204609158,218.3276192513281,0.0,48.88552694651291,301.6691192865061,0.0,0.6281610388174785,0.5582160964180068,0.0,26.06892154363124
2028-base,CZ,W,power_share_high_value,,,,,,,,,,,,,,,,,,,,,,,0.9959392089176816,0.9952164851943364,,,0.9635834661434338,
2028-base,CZ,W,power_share_low_value,,,,,,,,,,,,,,,,,,,,,,,0.0040607910823182,0.0047835148056638,,,0.036416533856566,
2028-base,CZ,W,power_share_zero_value,,,,,,,,,,,,,,,,,,,,,,,0.0,0.0,,,0.0,
2028-base,CZ,W,production_TWh,,113.35013811001316,-2.5263741715916458e-21,0.0,0.5437938977555226,0.0,0.0,0.0131294062761904,0.0,0.0,2.5573820026604235,2.233463851482736,0.8463164737489242,0.0274038135437641,0.32198864393942,0.554434,0.0533194510278633,0.3233956656257534,1.2919721599459806,1.9592603518208345,0.0,0.4620582080421205,14.708391969112927,0.7372936917757331,0.1570402597043696,0.1395540241045017,2.1917043770045965,0.6618874519692991
2028-base,CZ,W,production_el_eq_TWh,,,-6.315935428979116e-21,,,,0.0,0.0278486558690476,,0.0,,2.4522800004636003,0.8463164737489242,,,,,,1.2919721599459806,4.411387726674908,,,,,,,,
2028-base,CZ,W,production_excess_TWh,,,,,,,,,,,,,,,,,,,,,,,,0.0,,,0.0,
2028-base,CZ,W,production_hours,,,0.0,0.0,2135.0,0.0,0.0,340.0,0.0,0.0,4226.0,4314.0,2985.0,339.0,4392.0,4392.0,610.0,494.0,4367.0,4392.0,0.0,1248.0,,,351.0,493.0,,3773.0
2028-base,CZ,W,production_used_TWh,,,,,,,,,,,,,,,,,,,,,,,,0.7372936917757331,,,2.1917043770045965,
2028-base,CZ,W,wholesale_expenses_mn_EUR,644.522002164836,,,,,,,,,,,,,,0.0,0.0,4.784088077592218,,,,,,,,13.761763451425844,10.816396758346835,,
2028-base,CZ,W,wholesale_revenues_mn_EUR,26.763730288255083,,-1.5765307312494152e-20,0.0,59.92786875744052,0.0,0.0,1.503405288812801,0.0,,251.14596775336148,229.56456312054013,90.46955395522602,3.431563226236254,34.78127040799224,53.43722360099069,5.849672133559797,37.36906766998971,127.4762126353265,195.41013837019824,0.0,51.51573504603641,1416.906847396341,67.22407370067063,18.010615724984724,16.157351142960454,171.56848308804032,67.38147093075716
2028-base,CZ,Y,avg_consumer_price_EUR_per_MWh,,90.18533158294106,,,,,,,,,,,,,,,,,,,,,,,,,,
2028-base,CZ,Y,avg_producer_price_EUR_per_MWh,,89.02796778518486,,,,,,,,,,,,,,,,,,,,,,,,,,
2028-base,CZ,Y,capacity_GW,,21.0978875,0.20925,0.0,0.279,0.0,0.0,0.11484,0.0,,0.6174,0.7644,0.3313124999999999,0.096255,0.609,0.415,0.1,0.9702,0.35838,1.6533000000000002,1.2011999999999998,0.4356,4.099,0.5,0.678,0.47,7.0,0.19575
2028-base,CZ,Y,capacity_charging_GW,,,,,,,,,,,,,,,0.0,0.0,1.25599,,,,,,,,0.664,0.44,,
2028-base,CZ,Y,capacity_charging_paid_off_GW,,,,,,,,,,,,,,,0.0,0.0,0.0,,,,,,,,0.0,0.0,,
2028-base,CZ,Y,capacity_factor,,0.3066542440061407,-2.3688677257994146e-21,,0.3019540141096941,,,0.0276826045340108,,,0.8463927784606144,0.5333333333333109,0.5333333333333685,0.0325000178414074,0.124451288939446,0.2958839556960283,0.1026165189292689,0.0380512403912568,0.533333333333335,0.493493391722782,0.0,0.1210890054661707,0.7964817503918005,0.2611457461530848,0.0919961510336181,0.1025979736787432,0.1208793322388797,0.6666666666665809
2028-base,CZ,Y,capacity_factor_charging,,,,,,,,,,,,,,,,,0.0093475550907294,,,,,,,,0.1304664290511903,0.1403818559355609,,
2028-base,CZ,Y,capacity_paid_off_GW,,,0.0,0.0,0.0,0.0,0.0,0.0,0.0,,0.0,0.0,0.0,0.0,0.0,0.0,0.0,0.0,0.0,0.0,0.0,0.0,0.0,0.0,0.0,0.0,0.0,0.0
2028-base,CZ,Y,capex_mn_EUR_per_yr,,,109.81713302115293,0.0,16.217086196531145,0.0,0.0,26.048184884115727,0.0,,76.18061222457844,138.841538451773,22.59441391073202,7.893982066856129,123.71530195731836,84.30517292657983,4.011568788183623,321.06706043239666,118.59824069033428,547.1244805327576,397.5115986305863,144.15255774515765,2738.469079112492,68.82996852045387,137.73230661258106,95.4781476517892,362.9795164565344,228.2938717209026
2028-base,CZ,Y,charged_TWh,,1.4028102922875725,,,,,,,,,,,,,0.0,0.0,0.1028462168932305,,,,,,,,0.7588762498763157,0.541087825518026,,
2028-base,CZ,Y,curtailment_TWh,,0.0001525674666198,,,,,,,,,,,,,,,,,,,,,,,,,,
2028-base,CZ,Y,discharged_TWh,,2.798283594546164,,,,,,,,,,,,,0.6639277142857144,1.0756565325373413,0.0898920705820396,,,,,,,,0.5463908999109474,0.4224163772301214,,
2028-base,CZ,Y,emissions_MtCO2,,15.245883125066293,-0.0,0.0,0.0,0.0,0.0,0.0235599628652142,0.0,0.0,1.7983628993208491,1.4030015999999408,0.7567472000000498,0.0150720974490702,0.0,0.0,0.0,0.3233956656257534,3.3487027200000097,7.147219390929013,0.0,0.4298215888763912,0.0,0.0,0.0,0.0,0.0,0.0
2028-base,CZ,Y,export_TWh,,3.686686669788041,,,,,,,,,,,,,,,,,,,,,,,,,,
2028-base,CZ,Y,heat_production_PJ,,,-2.8137492336095094e-20,,,,0.0,0.148370035896,,5.649241074934249e-19,,2.9934625909237687,5.572411200000367,,,,,,18.08299468800005,41.21310396517982,,,,,,,,
2028-base,CZ,Y,import_TWh,,14.948746187535653,,,,,,,,,,,,,,,,,,,,,,,,,,
2028-base,CZ,Y,inflow_TWh,,,,,,,,,,,,,,,0.6639277142857143,1.077883,,,,,,,,,,0.0328331428571428,,
2028-base,CZ,Y,load_TWh,,66.534165713,,,,,,,,,,,,,,,,,,,,,,,,,,
2028-base,CZ,Y,net_import_TWh,,11.262059517747613,,,,,,,,,,,,,,,,,,,,,,,,,,
2028-base,CZ,Y,opex_mn_EUR,,,-2.636329928938828e-19,0.0,73.09560334791087,0.0,0.0,1.5414044855112934,0.0,,391.2570295811451,275.7402114417883,167.56790840001102,3.34378172468624,1.991783142857143,2.1513130650746826,0.4494603529101981,36.74180983212925,367.0571119768954,340.7632183203658,0.0,48.88552694651291,586.5749526359082,0.0,2.185563599643789,1.6896655089204855,0.0,46.04005047525175
2028-base,CZ,Y,power_share_high_value,,,,,,,,,,,,,,,,,,,,,,,0.978648209235034,0.9839118156473646,,,0.8937878642512295,
2028-base,CZ,Y,power_share_low_value,,,,,,,,,,,,,,,,,,,,,,,0.0211137313465819,0.0158261103118881,,,0.1051977841188965,
2028-base,CZ,Y,power_share_zero_value,,,,,,,,,,,,,,,,,,,,,,,0.0002380594183842,0.0002620740407471,,,0.0010143516298736,
2028-base,CZ,Y,production_TWh,,56.675069055006574,-1.7368822429688246e-21,0.0,0.7379876886446569,0.0,0.0,0.0131294062761904,0.0,-1.5692336319261805e-19,4.57765101645307,3.1555181068159923,1.547892000000102,0.0274038135437641,0.6639277142857144,1.0756565325373413,0.0898920705820396,0.3233956656257534,1.6743513600000048,3.0586178070818097,0.0,0.4620582080421205,28.59946136693848,1.1438183681505116,0.5463908999109474,0.4224163772301214,7.412320652888106,1.1431799999998529
2028-base,CZ,Y,production_el_eq_TWh,,,-4.342205607422101e-21,,,,0.0,0.0278486558690476,,0.0,,3.571276799999849,1.547892000000102,,,,,,1.6743513600000048,7.147219390929013,,,,,,,,
2028-base,CZ,Y,production_excess_TWh,,,,,,,,,,,,,,,,,,,,,,,,0.0,,,0.0,
2028-base,CZ,Y,production_hours,,,0.0,0.0,2953.0,0.0,0.0,340.0,0.0,0.0,7681.0,8078.0,5475.0,339.0,8760.0,8760.0,1022.0,494.0,7135.0,8760.0,0.0,1248.0,,,1181.0,1429.0,,6756.0
2028-base,CZ,Y,production_used_TWh,,,,,,,,,,,,,,,,,,,,,,,,1.1438183681505116,,,7.412320652888106,
2028-base,CZ,Y,wholesale_expenses_mn_EUR,1032.9735036957663,,,,,,,,,,,,,,0.0,0.0,6.870112806211006,,,,,,,,37.03097623309918,26.975514079704976,,
2028-base,CZ,Y,wholesale_revenues_mn_EUR,30.97458141191558,,9.051679128616016e-20,0.0,79.65351305961283,0.0,0.0,1.503405288812801,0.0,,437.57338151966337,317.0847641781762,159.1357504386108,3.431563226236254,66.53137464930033,96.5067989301088,9.47579917254436,37.36906766998971,161.5429748885747,284.49704579105327,0.0,51.51573504603641,2565.184886981099,99.18159638381098,56.5597902377066,44.2872680271442,485.0449903469894,113.82204552451914
2028-base-plus,CZ,S,avg_consumer_price_EUR_per_MWh,,79.44524348964852,,,,,,,,,,,,,,,,,,,,,,,,,,
2028-base-plus,CZ,S,avg_producer_price_EUR_per_MWh,,77.49556787828723,,,,,,,,,,,,,,,,,,,,,,,,,,
2028-base-plus,CZ,S,capacity_factor,,1.215912108527328,1.3820367151525685e-19,,0.1125844144288329,,,-9.019181036694921e-19,,,0.688950857365574,0.3730033864312354,0.5021241277129525,0.0,0.1290319355789371,0.2875361514946277,0.0837681098786264,0.0,0.2550927836144955,0.3648629607466276,0.0,0.0,0.7758452989642761,0.1861376723327739,0.1401707166931116,0.1460836002493528,0.1707422905508735,0.5717678253699596
2028-base-plus,CZ,S,capacity_factor_charging,,,,,,,,,,,,,,,,,0.0079811046543742,,,,,,,,0.197957162676777,0.205952906564189,,
2028-base-plus,CZ,S,capex_mn_EUR_per_yr,,,109.81713302115293,0.0,16.217086196531145,0.0,0.0,26.048184884115727,0.0,,76.18061222457844,138.841538451773,22.59441391073202,7.893982066856129,123.71530195731836,84.30517292657983,4.011568788183623,321.06706043239666,118.59824069033428,547.1244805327576,397.5115986305863,144.15255774515765,2738.469079112492,68.82996852045387,137.73230661258106,95.4781476517892,362.9795164565344,228.2938717209026
2028-base-plus,CZ,S,charged_TWh,,2.8367461204739524,,,,,,,,,,,,,0.0,0.0,0.0437856515890138,,,,,,,,0.5741454526839156,0.3958250101838461,,
2028-base-plus,CZ,S,curtailment_TWh,,0.0001525674666181,,,,,,,,,,,,,,,,,,,,,,,,,,
2028-base-plus,CZ,S,discharged_TWh,,5.6171613854601645,,,,,,,,,,,,,0.3432394002167577,0.5212225325373415,0.036589910394984,,,,,,,,0.4151161381695169,0.2999037879679114,,
2028-base-plus,CZ,S,emissions_MtCO2,,29.87739420661368,0.0,0.0,0.0,0.0,0.0,-3.827483092370778e-19,0.0,0.0,0.7299147730231592,0.4892724212170703,0.3552562348009822,0.0,0.0,0.0,0.0,0.0,0.7986464460528406,2.6348996113544816,0.0,0.0,0.0,0.0,0.0,0.0,0.0,0.0
2028-base-plus,CZ,S,export_TWh,,2.862901497786826,,,,,,,,,,,,,,,,,,,,,,,,,,
2028-base-plus,CZ,S,heat_production_PJ,,,8.185452315960079e-19,,,,0.0,-4.504812523008727e-18,,3.519744495861984e-18,,1.7459012576537054,2.615977728989051,,,,,,4.31269080868534,15.894443804671903,,,,,,,,
2028-base-plus,CZ,S,import_TWh,,7.720955876823831,,,,,,,,,,,,,,,,,,,,,,,,,,
2028-base-plus,CZ,S,inflow_TWh,,,,,,,,,,,,,,,0.340147,0.523449,,,,,,,,,,0.013224,,
2028-base-plus,CZ,S,load_TWh,,30.649466236,,,,,,,,,,,,,,,,,,,,,,,,,,
2028-base-plus,CZ,S,net_import_TWh,,4.858054379037005,,,,,,,,,,,,,,,,,,,,,,,,,,
2028-base-plus,CZ,S,opex_mn_EUR,,,7.669323429645084e-18,0.0,13.612047338531871,0.0,0.0,-6.198173895494536e-19,0.0,,162.50746250581938,89.00398688355294,78.66503399240841,0.0,1.029718200650273,,0.1829495519749202,0.0,88.42354599055535,118.17700519913072,0.0,0.0,284.9058333494021,0.0,1.6604645526780677,1.1996151518716458,0.0,20.331480571057234
2028-base-plus,CZ,S,power_share_high_value,,,,,,,,,,,,,,,,,,,,,,,0.9603398419245944,0.9634090958151562,,,0.8644864718333534,
2028-base-plus,CZ,S,power_share_low_value,,,,,,,,,,,,,,,,,,,,,,,0.0391700323014904,0.0358535194231236,,,0.1340733343010034,
2028-base-plus,CZ,S,power_share_zero_value,,,,,,,,,,,,,,,,,,,,,,,0.0004901257739149,0.0007373847617202,,,0.001440193865643,
2028-base-plus,CZ,S,production_TWh,,112.05307659260929,5.052748343185234e-20,0.0,0.1372034735008147,0.0,0.0,-5.515165044227926e-21,0.0,-9.777068044061069e-19,1.857964876786224,1.0029344227673056,0.7266604802747364,0.0,0.3432394002167577,0.5212225325373415,0.036589910394984,0.0,0.3993232230264203,1.0580698688275068,0.0,0.0,13.891069397825554,0.4065246763747783,0.4151161381695169,0.2999037879679114,5.220616275883509,0.4888820743330288
2028-base-plus,CZ,S,production_el_eq_TWh,,,1.2631870857963082e-19,,,,0.0,-4.5242116931096665e-19,,0.0,,1.2454207085525426,0.7266604802747364,,,,,,0.3993232230264203,2.6348996113544816,,,,,,,,
2028-base-plus,CZ,S,production_excess_TWh,,,,,,,,,,,,,,,,,,,,,,,,0.0,,,0.0,
2028-base-plus,CZ,S,production_hours,,,0.0,0.0,579.0,0.0,0.0,0.0,0.0,0.0,3195.0,3827.0,2423.0,0.0,4368.0,4368.0,414.0,0.0,2776.0,4065.0,0.0,0.0,,,805.0,919.0,,3030.0
2028-base-plus,CZ,S,production_used_TWh,,,,,,,,,,,,,,,,,,,,,,,,0.4065246763747783,,,5.220616275883509,
2028-base-plus,CZ,S,wholesale_expenses_mn_EUR,382.8719661779015,,,,,,,,,,,,,,0.0,0.0,1.9547664290773603,,,,,,,,22.434533161522754,15.37398820913085,,
2028-base-plus,CZ,S,wholesale_revenues_mn_EUR,6.539206470707052,,2.1595247211784352e-19,0.0,13.94364667962556,0.0,0.0,-1.6992441725245734e-17,0.0,,171.310106989145,94.0670394936775,70.73436156036438,0.0,31.37251750537867,41.703882827783794,3.57186346730119,0.0,34.85662987250206,82.37057200196098,0.0,0.0,1113.956202727046,30.42519263611981,40.42231829012992,29.42259224155305,293.6729542726361,46.71843159451338
2028-base-plus,CZ,W,avg_consumer_price_EUR_per_MWh,,94.8617491239132,,,,,,,,,,,,,,,,,,,,,,,,,,
2028-base-plus,CZ,W,avg_producer_price_EUR_per_MWh,,95.0382441170822,,,,,,,,,,,,,,,,,,,,,,,,,,
2028-base-plus,CZ,W,capacity_factor,,1.20926778006543,0.0,,0.3710882033957257,,,0.0780789719316763,,,0.8971502334871593,0.6927871603069679,0.5643719968465738,0.0648806601433465,0.1198956731559084,0.3041861434810279,0.1111371700925834,0.0804683222662557,0.8100534428897946,0.5949979862908602,0.0,0.2236206649638988,0.8170054343251856,0.3357439397885852,0.0481253692674929,0.0606850921763328,0.0712888491089187,0.7610469350599429
2028-base-plus,CZ,W,capacity_factor_charging,,,,,,,,,,,,,,,,,0.0098045110847176,,,,,,,,0.0690746735009327,0.077149880272207,,
2028-base-plus,CZ,W,capex_mn_EUR_per_yr,,,109.81713302115293,0.0,16.217086196531145,0.0,0.0,26.048184884115727,0.0,,76.18061222457844,138.841538451773,22.59441391073202,7.893982066856129,123.71530195731836,84.30517292657983,4.011568788183623,321.06706043239666,118.59824069033428,547.1244805327576,397.5115986305863,144.15255774515765,2738.469079112492,68.82996852045387,137.73230661258106,95.4781476517892,362.9795164565344,228.2938717209026
2028-base-plus,CZ,W,charged_TWh,,2.8367461204739524,,,,,,,,,,,,,0.0,0.0,0.0540847037170777,,,,,,,,0.2014416414346883,0.1490906006284345,,
2028-base-plus,CZ,W,curtailment_TWh,,2.044544089585543e-15,,,,,,,,,,,,,,,,,,,,,,,,,,
2028-base-plus,CZ,W,discharged_TWh,,5.6171613854601645,,,,,,,,,,,,,0.3206883140689567,0.554434,0.0488114451046626,,,,,,,,0.1433065695958779,0.1252685946740734,,
2028-base-plus,CZ,W,emissions_MtCO2,,29.87739420661368,0.0,0.0,0.0,0.0,0.0,0.0333165455269285,0.0,0.0,0.9557158418691076,0.9137291787828812,0.4014909651990708,0.0150856344329314,0.0,0.0,0.0,0.3428850486258721,2.5500562739472272,4.320455069866712,0.0,0.397973058607573,0.0,0.0,0.0,0.0,0.0,0.0
2028-base-plus,CZ,W,export_TWh,,2.4067115255506497,,,,,,,,,,,,,,,,,,,,,,,,,,
2028-base-plus,CZ,W,heat_production_PJ,,,0.0,,,,0.0,0.201284774208,,0.0,,2.022538574112579,2.95643347101134,,,,,,13.770303879315025,24.49076818135305,,,,,,,,
2028-base-plus,CZ,W,import_TWh,,9.474810190912583,,,,,,,,,,,,,,,,,,,,,,,,,,
2028-base-plus,CZ,W,inflow_TWh,,,,,,,,,,,,,,,0.3237807142857143,0.554434,,,,,,,,,,0.0196091428571428,,
2028-base-plus,CZ,W,load_TWh,,35.884699477,,,,,,,,,,,,,,,,,,,,,,,,,,
2028-base-plus,CZ,W,net_import_TWh,,7.068098665361935,,,,,,,,,,,,,,,,,,,,,,,,,,
2028-base-plus,CZ,W,opex_mn_EUR,,,0.0,0.0,44.90898566729338,0.0,0.0,2.287354892844963,0.0,,205.55837128794383,177.93968133377942,88.90287440760333,3.332687044298176,0.96206494220687,1.108868,0.2440572255233133,38.924450561705655,278.6785615052356,210.7268476856278,0.0,45.40118344481817,301.6691192865061,0.0,0.5732262783835118,0.5010743786962936,0.0,25.799256857261906
2028-base-plus,CZ,W,power_share_high_value,,,,,,,,,,,,,,,,,,,,,,,0.9959392089176816,0.9952164851943364,,,0.9635834661434338,
2028-base-plus,CZ,W,power_share_low_value,,,,,,,,,,,,,,,,,,,,,,,0.0040607910823182,0.0047835148056638,,,0.036416533856566,
2028-base-plus,CZ,W,power_share_zero_value,,,,,,,,,,,,,,,,,,,,,,,0.0,0.0,,,0.0,
2028-base-plus,CZ,W,production_TWh,,112.05307659260929,0.0,0.0,0.4547196096186137,0.0,0.0,0.0194125318880952,0.0,0.0,2.4327312338486373,2.044947956153921,0.8212315197253722,0.0274284262416936,0.3206883140689567,0.554434,0.0488114451046626,0.3428850486258721,1.2750281369736136,1.8908153693356544,0.0,0.4278210380031409,14.708391969112927,0.7372936917757331,0.1433065695958779,0.1252685946740734,2.1917043770045965,0.654297925666825
2028-base-plus,CZ,W,production_el_eq_TWh,,,0.0,,,,0.0,0.0393812594880952,,0.0,,2.325856091447334,0.8212315197253722,,,,,,1.2750281369736136,4.320455069866712,,,,,,,,
2028-base-plus,CZ,W,production_excess_TWh,,,,,,,,,,,,,,,,,,,,,,,,0.0,,,0.0,
2028-base-plus,CZ,W,production_hours,,,0.0,0.0,1803.0,0.0,0.0,435.0,0.0,0.0,4011.0,4361.0,2914.0,332.0,4392.0,4392.0,553.0,422.0,4328.0,4392.0,0.0,1123.0,,,283.0,447.0,,3687.0
2028-base-plus,CZ,W,production_used_TWh,,,,,,,,,,,,,,,,,,,,,,,,0.7372936917757331,,,2.1917043770045965,
2028-base-plus,CZ,W,wholesale_expenses_mn_EUR,674.0966773773808,,,,,,,,,,,,,,0.0,0.0,4.27348479504877,,,,,,,,11.441599303518458,8.71760203870665,,
2028-base-plus,CZ,W,wholesale_revenues_mn_EUR,30.73616639085148,,0.0,0.0,50.17127897977223,0.0,0.0,2.2392593181988425,0.0,,236.0542071149926,208.1929533866844,86.4390284813682,3.4440658918085303,34.001832795715735,52.25922513397615,5.232176956430206,39.85403139952858,123.41312200637942,184.712234268577,0.0,48.03146488344953,1384.889733520061,65.1752820598659,16.133163911287696,14.302324825020708,165.74699554540422,65.43561559381556
2028-base-plus,CZ,Y,avg_consumer_price_EUR_per_MWh,,87.76001930058159,,,,,,,,,,,,,,,,,,,,,,,,,,
2028-base-plus,CZ,Y,avg_producer_price_EUR_per_MWh,,86.7349033696749,,,,,,,,,,,,,,,,,,,,,,,,,,
2028-base-plus,CZ,Y,capacity_GW,,21.0978875,0.20925,0.0,0.279,0.0,0.0,0.11484,0.0,,0.6174,0.7644,0.3313124999999999,0.096255,0.609,0.415,0.1,0.9702,0.35838,1.6533000000000002,1.2011999999999998,0.4356,4.099,0.5,0.678,0.47,7.0,0.19575
2028-base-plus,CZ,Y,capacity_charging_GW,,,,,,,,,,,,,,,0.0,0.0,1.25599,,,,,,,,0.664,0.44,,
2028-base-plus,CZ,Y,capacity_charging_paid_off_GW,,,,,,,,,,,,,,,0.0,0.0,0.0,,,,,,,,0.0,0.0,,
2028-base-plus,CZ,Y,capacity_factor,,0.303145210619142,6.891251565966233e-20,,0.242190423691686,,,0.0391464434616349,,,0.7933357500511908,0.533333333333315,0.5333333333333707,0.032529207688308,0.124451288939446,0.2958839556960283,0.0974901318489117,0.0403443917115748,0.5333333333333443,0.4802457269783937,0.0,0.1121166621599821,0.7964817503918005,0.2611457461530848,0.0940219534632808,0.1032673619552086,0.1208793322388797,0.6666666666665815
2028-base-plus,CZ,Y,capacity_factor_charging,,,,,,,,,,,,,,,,,0.0088953056865738,,,,,,,,0.1333393667338195,0.1413749509164281,,
2028-base-plus,CZ,Y,capacity_paid_off_GW,,,0.0,0.0,0.0,0.0,0.0,0.0,0.0,,0.0,0.0,0.0,0.0,0.0,0.0,0.0,0.0,0.0,0.0,0.0,0.0,0.0,0.0,0.0,0.0,0.0,0.0
2028-base-plus,CZ,Y,capex_mn_EUR_per_yr,,,109.81713302115293,0.0,16.217086196531145,0.0,0.0,26.048184884115727,0.0,,76.18061222457844,138.841538451773,22.59441391073202,7.893982066856129,123.71530195731836,84.30517292657983,4.011568788183623,321.06706043239666,118.59824069033428,547.1244805327576,397.5115986305863,144.15255774515765,2738.469079112492,68.82996852045387,137.73230661258106,95.4781476517892,362.9795164565344,228.2938717209026
2028-base-plus,CZ,Y,charged_TWh,,1.4183730602369762,,,,,,,,,,,,,0.0,0.0,0.0978703553060916,,,,,,,,0.7755870941186039,0.5449156108122806,,
2028-base-plus,CZ,Y,curtailment_TWh,,0.0001525674666201,,,,,,,,,,,,,,,,,,,,,,,,,,
2028-base-plus,CZ,Y,discharged_TWh,,2.8085806927300823,,,,,,,,,,,,,0.6639277142857143,1.0756565325373413,0.0854013554996467,,,,,,,,0.5584227077653948,0.4251723826419848,,
2028-base-plus,CZ,Y,emissions_MtCO2,,14.938697103306838,0.0,0.0,0.0,0.0,0.0,0.0333165455269285,0.0,0.0,1.685630614892267,1.4030015999999514,0.756747200000053,0.0150856344329314,0.0,0.0,0.0,0.3428850486258721,3.3487027200000683,6.955354681221194,0.0,0.397973058607573,0.0,0.0,0.0,0.0,0.0,0.0
2028-base-plus,CZ,Y,export_TWh,,5.269613023337476,,,,,,,,,,,,,,,,,,,,,,,,,,
2028-base-plus,CZ,Y,heat_production_PJ,,,8.185452315960079e-19,,,,0.0,0.201284774208,,3.519744495861984e-18,,3.7684398317662846,5.57241120000039,,,,,,18.082994688000365,40.38521198602496,,,,,,,,
2028-base-plus,CZ,Y,import_TWh,,17.195766067736418,,,,,,,,,,,,,,,,,,,,,,,,,,
2028-base-plus,CZ,Y,inflow_TWh,,,,,,,,,,,,,,,0.6639277142857143,1.077883,,,,,,,,,,0.0328331428571428,,
2028-base-plus,CZ,Y,load_TWh,,66.534165713,,,,,,,,,,,,,,,,,,,,,,,,,,
2028-base-plus,CZ,Y,net_import_TWh,,11.926153044398944,,,,,,,,,,,,,,,,,,,,,,,,,,
2028-base-plus,CZ,Y,opex_mn_EUR,,,7.669323429645084e-18,0.0,58.52103300582526,0.0,0.0,2.287354892844963,0.0,,368.0658337937633,266.94366821733234,167.56790840001173,3.332687044298176,1.9917831428571429,2.1513130650746826,0.4270067774982336,38.924450561705655,367.1021074957909,328.9038528847586,0.0,45.40118344481817,586.5749526359082,0.0,2.23369083106158,1.7006895305679397,0.0,46.13073742831913
2028-base-plus,CZ,Y,power_share_high_value,,,,,,,,,,,,,,,,,,,,,,,0.978648209235034,0.9839118156473646,,,0.8937878642512295,
2028-base-plus,CZ,Y,power_share_low_value,,,,,,,,,,,,,,,,,,,,,,,0.0211137313465819,0.0158261103118881,,,0.1051977841188965,
2028-base-plus,CZ,Y,power_share_zero_value,,,,,,,,,,,,,,,,,,,,,,,0.0002380594183842,0.0002620740407471,,,0.0010143516298736,
2028-base-plus,CZ,Y,production_TWh,,56.02653829630464,5.052748343185234e-20,0.0,0.5919230831194285,0.0,0.0,0.0194125318880952,0.0,-9.777068044061069e-19,4.290696110634862,3.047882378921226,1.5478920000001084,0.0274284262416936,0.6639277142857143,1.0756565325373413,0.0854013554996467,0.3428850486258721,1.6743513600000342,2.948885238163161,0.0,0.4278210380031409,28.59946136693848,1.1438183681505116,0.5584227077653948,0.4251723826419848,7.412320652888106,1.1431799999998538
2028-base-plus,CZ,Y,production_el_eq_TWh,,,1.2631870857963082e-19,,,,0.0,0.0393812594880952,,0.0,,3.5712767999998767,1.5478920000001084,,,,,,1.6743513600000342,6.955354681221194,,,,,,,,
2028-base-plus,CZ,Y,production_excess_TWh,,,,,,,,,,,,,,,,,,,,,,,,0.0,,,0.0,
2028-base-plus,CZ,Y,production_hours,,,0.0,0.0,2382.0,0.0,0.0,435.0,0.0,0.0,7206.0,8188.0,5337.0,332.0,8760.0,8760.0,967.0,422.0,7104.0,8457.0,0.0,1123.0,,,1088.0,1366.0,,6717.0
2028-base-plus,CZ,Y,production_used_TWh,,,,,,,,,,,,,,,,,,,,,,,,1.1438183681505116,,,7.412320652888106,
2028-base-plus,CZ,Y,wholesale_expenses_mn_EUR,1056.9686435552824,,,,,,,,,,,,,,0.0,0.0,6.22825122412613,,,,,,,,33.87613246504121,24.09159024783749,,
2028-base-plus,CZ,Y,wholesale_revenues_mn_EUR,37.27537286155853,,2.1595247211784352e-19,0.0,64.11492565939778,0.0,0.0,2.2392593181988425,0.0,,407.3643141041376,302.2599928803618,157.17339004173255,3.44406589180853,65.37435030109441,93.96310796175996,8.804040423731397,39.85403139952858,158.2697518788815,267.082806270538,0.0,48.03146488344952,2498.8459362471067,95.60047469598572,56.55548220141761,43.72491706657375,459.4199498180404,112.15404718832892
2028-ex-seven,CZ,S,avg_consumer_price_EUR_per_MWh,,82.04447634259522,,,,,,,,,,,,,,,,,,,,,,,,,,
2028-ex-seven,CZ,S,avg_producer_price_EUR_per_MWh,,80.01100993048681,,,,,,,,,,,,,,,,,,,,,,,,,,
2028-ex-seven,CZ,S,capacity_factor,,1.3172070955002635,-8.224846001045256e-19,,0.16574354834015,,,0.1867522731855926,,,0.749567791935357,0.3302902130807278,0.4815944656851262,0.0,0.1286286873997938,0.2875361514946277,0.0836733502025723,0.0,0.23230524287332,0.4374796974906725,,0.0,0.7758452989642761,0.1861376723327739,0.1314253753112126,0.1384382084145446,0.1707422905508735,0.5640548281163701
2028-ex-seven,CZ,S,capacity_factor_charging,,,,,,,,,,,,,,,,,0.0079727449643309,,,,,,,,0.185645539561053,0.1953906086386863,,
2028-ex-seven,CZ,S,capex_mn_EUR_per_yr,,,109.81713302115293,0.0,16.217086196531145,0.0,0.0,26.048184884115727,0.0,,76.18061222457844,138.841538451773,22.59441391073202,7.893982066856129,123.71530195731836,84.30517292657983,4.011568788183623,321.06706043239666,118.59824069033428,458.8856421554186,0.0,144.15255774515765,2738.469079112492,68.82996852045387,137.73230661258106,95.4781476517892,362.9795164565344,228.2938717209026
2028-ex-seven,CZ,S,charged_TWh,,2.806942547865443,,,,,,,,,,,,,0.0,0.0,0.0437397889557723,,,,,,,,0.5384374119569794,0.375525118554864,,
2028-ex-seven,CZ,S,curtailment_TWh,,0.0001525674666182,,,,,,,,,,,,,,,,,,,,,,,,,,
2028-ex-seven,CZ,S,discharged_TWh,,5.597327710119467,,,,,,,,,,,,,0.3421667148964403,0.5212225325373415,0.0365485193684836,,,,,,,,0.3892167746856576,0.2842081043467236,,
2028-ex-seven,CZ,S,emissions_MtCO2,,29.97196864318729,-0.0,0.0,0.0,0.0,0.0,0.0792523362344659,0.0,0.0,0.7941358935353662,0.4332451075162067,0.3407313593145934,0.0,0.0,0.0,0.0,0.0,0.7273030384920558,2.649784289104313,0.0,0.0,0.0,0.0,0.0,0.0,0.0,0.0
2028-ex-seven,CZ,S,export_TWh,,2.0657609523165563,,,,,,,,,,,,,,,,,,,,,,,,,,
2028-ex-seven,CZ,S,heat_production_PJ,,,-4.87136730953191e-18,,,,0.0,0.5656619503563116,,-6.3897687141462025e-18,,1.5673418195242683,2.509021827680188,,,,,,3.9274364078571016,15.99955159458213,,,,,,,,
2028-ex-seven,CZ,S,import_TWh,,6.82998784860747,,,,,,,,,,,,,,,,,,,,,,,,,,
2028-ex-seven,CZ,S,inflow_TWh,,,,,,,,,,,,,,,0.340147,0.523449,,,,,,,,,,0.013224,,
2028-ex-seven,CZ,S,load_TWh,,30.649466236,,,,,,,,,,,,,,,,,,,,,,,,,,
2028-ex-seven,CZ,S,net_import_TWh,,4.764226896290913,,,,,,,,,,,,,,,,,,,,,,,,,,
2028-ex-seven,CZ,S,opex_mn_EUR,,,-4.56420610606394e-17,0.0,20.062245935103785,0.0,0.0,4.221333304010684,0.0,,175.62987752440753,78.20075051558491,75.4487644045928,0.0,1.0265001446893207,,0.1827425968424181,0.0,80.63638394772558,118.3453495476794,0.0,0.0,284.9058333494021,0.0,1.5568670987426303,1.1368324173868949,0.0,19.99862882567988
2028-ex-seven,CZ,S,power_share_high_value,,,,,,,,,,,,,,,,,,,,,,,0.9603398419245944,0.9634090958151562,,,0.8644864718333534,
2028-ex-seven,CZ,S,power_share_low_value,,,,,,,,,,,,,,,,,,,,,,,0.0391700323014904,0.0358535194231236,,,0.1340733343010034,
2028-ex-seven,CZ,S,power_share_zero_value,,,,,,,,,,,,,,,,,,,,,,,0.0004901257739149,0.0007373847617202,,,0.001440193865643,
2028-ex-seven,CZ,S,production_TWh,,112.9426677375675,-3.007016857735747e-19,0.0,0.2019870215427873,0.0,0.0,0.0375616274581101,0.0,1.7749357539295006e-18,2.021436819908205,0.8851193644002564,0.6969505076889411,0.0,0.3421667148964403,0.5212225325373415,0.0365485193684836,0.0,0.3636515192460279,1.0625271864671963,0.0,0.0,13.891069397825554,0.4065246763747783,0.3892167746856576,0.2842081043467236,5.220616275883509,0.4822871840133086
2028-ex-seven,CZ,S,production_el_eq_TWh,,,-7.517542144339369e-19,,,,0.0,0.0936788844379029,,0.0,,1.1028057282230717,0.6969505076889411,,,,,,0.3636515192460279,2.649784289104313,,,,,,,,
2028-ex-seven,CZ,S,production_excess_TWh,,,,,,,,,,,,,,,,,,,,,,,,0.0,,,0.0,
2028-ex-seven,CZ,S,production_hours,,,0.0,0.0,845.0,0.0,0.0,4368.0,0.0,0.0,3456.0,3817.0,2477.0,0.0,4368.0,4368.0,415.0,0.0,2730.0,4368.0,0.0,0.0,,,831.0,935.0,,2982.0
2028-ex-seven,CZ,S,production_used_TWh,,,,,,,,,,,,,,,,,,,,,,,,0.4065246763747783,,,5.220616275883509,
2028-ex-seven,CZ,S,wholesale_expenses_mn_EUR,393.1088862465317,,,,,,,,,,,,,,0.0,0.0,2.0848244594668794,,,,,,,,23.216729416384258,16.321697282133936,,
2028-ex-seven,CZ,S,wholesale_revenues_mn_EUR,3.955732799764771,,-3.1500129294049042e-18,0.0,20.51750353343087,0.0,0.0,3.0593130821401093,0.0,,186.6372392607319,83.91141100609619,68.30884384383091,0.0,31.794210274201387,43.08740566493775,3.6257185007298616,0.0,32.4066453515094,86.11557146424155,0.0,0.0,1148.824784507765,31.967009334207788,38.55040231888705,28.28269970590253,313.56066196895074,46.54776109991428
2028-ex-seven,CZ,W,avg_consumer_price_EUR_per_MWh,,97.3492933714722,,,,,,,,,,,,,,,,,,,,,,,,,,
2028-ex-seven,CZ,W,avg_producer_price_EUR_per_MWh,,97.16157255468504,,,,,,,,,,,,,,,,,,,,,,,,,,
2028-ex-seven,CZ,W,capacity_factor,,1.310009242519388,0.0023265814992055,,0.4468659030789284,,,0.712345982766118,,,0.942967179038193,0.7352669283386318,0.5847894749288958,0.0696183400062359,0.1202967177930892,0.3041861434810279,0.1203792366812974,0.0864573414926323,0.8327164615503782,0.6286631788162129,,0.2430735076695945,0.8170054343251856,0.3357439397885852,0.0527209869005891,0.0674555088538632,0.0712888491089187,0.7687177847875543
2028-ex-seven,CZ,W,capacity_factor_charging,,,,,,,,,,,,,,,,,0.0106198453625228,,,,,,,,0.0755017677940441,0.0864183413473429,,
2028-ex-seven,CZ,W,capex_mn_EUR_per_yr,,,109.81713302115293,0.0,16.217086196531145,0.0,0.0,26.048184884115727,0.0,,76.18061222457844,138.841538451773,22.59441391073202,7.893982066856129,123.71530195731836,84.30517292657983,4.011568788183623,321.06706043239666,118.59824069033428,458.8856421554186,0.0,144.15255774515765,2738.469079112492,68.82996852045387,137.73230661258106,95.4781476517892,362.9795164565344,228.2938717209026
2028-ex-seven,CZ,W,charged_TWh,,2.806942547865443,,,,,,,,,,,,,0.0,0.0,0.0585823387816352,,,,,,,,0.2201848993965573,0.1670017162869132,,
2028-ex-seven,CZ,W,curtailment_TWh,,1.7907950677908955e-15,,,,,,,,,,,,,,,,,,,,,,,,,,
2028-ex-seven,CZ,W,discharged_TWh,,5.597327710119467,,,,,,,,,,,,,0.321760999389274,0.554434,0.0528705607504258,,,,,,,,0.1569912894888887,0.1392443595964987,,
2028-ex-seven,CZ,W,emissions_MtCO2,,29.97196864318729,0.0,0.0,0.0,0.0,0.0,0.3039602953087003,0.0,0.0,1.0045236992989346,0.9697564924837604,0.4160158406854619,0.0161872093292704,0.0,0.0,0.0,0.3684049686493389,2.621399681507889,3.828691230895777,0.0,0.4325928792375114,0.0,0.0,0.0,0.0,0.0,0.0
2028-ex-seven,CZ,W,export_TWh,,1.5598135981090222,,,,,,,,,,,,,,,,,,,,,,,,,,
2028-ex-seven,CZ,W,heat_production_PJ,,,0.0138554639999999,,,,0.0,2.053823019542545,,0.0,,2.057844605637876,3.0633893723202195,,,,,,14.155558280142598,22.09685813835676,,,,,,,,
2028-ex-seven,CZ,W,import_TWh,,8.262042387433686,,,,,,,,,,,,,,,,,,,,,,,,,,
2028-ex-seven,CZ,W,inflow_TWh,,,,,,,,,,,,,,,0.3237807142857143,0.554434,,,,,,,,,,0.0196091428571428,,
2028-ex-seven,CZ,W,load_TWh,,35.884699477,,,,,,,,,,,,,,,,,,,,,,,,,,
2028-ex-seven,CZ,W,net_import_TWh,,6.702228789324664,,,,,,,,,,,,,,,,,,,,,,,,,,
2028-ex-seven,CZ,W,opex_mn_EUR,,,0.1392109169176954,0.0,54.175966398793946,0.0,0.0,17.532079147557376,0.0,,215.6922119631432,189.722014584919,92.1191439954194,3.587827859060338,0.965282998167822,1.108868,0.2643528037521293,41.854097622778255,286.32140602188235,182.4275570400891,0.0,49.20694400364869,301.6691192865061,0.0,0.6279651579555551,0.5569774383859949,0.0,26.03213108196014
2028-ex-seven,CZ,W,power_share_high_value,,,,,,,,,,,,,,,,,,,,,,,0.9959392089176816,0.9952164851943364,,,0.9635834661434338,
2028-ex-seven,CZ,W,power_share_low_value,,,,,,,,,,,,,,,,,,,,,,,0.0040607910823182,0.0047835148056638,,,0.036416533856566,
2028-ex-seven,CZ,W,power_share_zero_value,,,,,,,,,,,,,,,,,,,,,,,0.0,0.0,,,0.0,
2028-ex-seven,CZ,W,production_TWh,,112.9426677375675,0.0008552755555555,0.0,0.5475751779240204,0.0,0.0,0.1555388455217251,0.0,0.0,2.5569694163972883,2.1826593209938063,0.850941492311172,0.0294312896895826,0.321760999389274,0.554434,0.0528705607504258,0.3684049686493389,1.3106998407539443,1.6365426060587964,0.0,0.4650373451803247,14.708391969112927,0.7372936917757331,0.1569912894888887,0.1392443595964987,2.1917043770045965,0.6608928159865431
2028-ex-seven,CZ,W,production_el_eq_TWh,,,0.0021381888888888,,,,0.0,0.3592911292065014,,0.0,,2.4684710717768445,0.850941492311172,,,,,,1.3106998407539443,3.828691230895777,,,,,,,,
2028-ex-seven,CZ,W,production_excess_TWh,,,,,,,,,,,,,,,,,,,,,,,,0.0,,,0.0,
2028-ex-seven,CZ,W,production_hours,,,57.0,0.0,2152.0,0.0,0.0,4392.0,0.0,0.0,4226.0,4372.0,3001.0,365.0,4392.0,4392.0,610.0,586.0,4367.0,4392.0,0.0,1249.0,,,338.0,499.0,,3774.0
2028-ex-seven,CZ,W,production_used_TWh,,,,,,,,,,,,,,,,,,,,,,,,0.7372936917757331,,,2.1917043770045965,
2028-ex-seven,CZ,W,wholesale_expenses_mn_EUR,657.9983890601442,,,,,,,,,,,,,,0.0,0.0,4.747754764550621,,,,,,,,13.818905714022373,10.745072261273071,,
2028-ex-seven,CZ,W,wholesale_revenues_mn_EUR,22.98823892402849,,0.1031426020082039,0.0,60.452998945419615,0.0,0.0,15.403547195959025,0.0,,251.5697199553572,224.9620822620017,91.08907286740887,3.698191340649698,34.85318878496768,53.52984201625398,5.81411388775403,42.730068425411964,129.45865287794322,162.26300464782935,0.0,52.03134785748301,1419.4005876272226,67.3143388807732,18.0620926570282,16.154537124348757,171.7623756174661,67.43503221302393
2028-ex-seven,CZ,Y,avg_consumer_price_EUR_per_MWh,,90.29901374824594,,,,,,,,,,,,,,,,,,,,,,,,,,
2028-ex-seven,CZ,Y,avg_producer_price_EUR_per_MWh,,89.08688363269695,,,,,,,,,,,,,,,,,,,,,,,,,,
2028-ex-seven,CZ,Y,capacity_GW,,19.6300475,0.20925,0.0,0.279,0.0,0.0,0.11484,0.0,,0.6174,0.7644,0.3313124999999999,0.096255,0.609,0.415,0.1,0.9702,0.35838,1.38666,0.0,0.4356,4.099,0.5,0.678,0.47,7.0,0.19575
2028-ex-seven,CZ,Y,capacity_charging_GW,,,,,,,,,,,,,,,0.0,0.0,1.25599,,,,,,,,0.664,0.44,,
2028-ex-seven,CZ,Y,capacity_charging_paid_off_GW,,,,,,,,,,,,,,,0.0,0.0,0.0,,,,,,,,0.0,0.0,,
2028-ex-seven,CZ,Y,capacity_factor,,0.3283995772343123,0.0011664778475468,,0.3066898248256197,,,0.4502691193588424,,,0.8465324161540391,0.5333333333333209,0.5333333333333723,0.0349045375921676,0.124451288939446,0.2958839556960283,0.1020765754782071,0.0433471054606896,0.5333333333333247,0.5333333333333407,,0.1218697312425638,0.7964817503918005,0.2611457461530848,0.0919653668752014,0.1028496220594633,0.1208793322388797,0.6666666666665804
2028-ex-seven,CZ,Y,capacity_factor_charging,,,,,,,,,,,,,,,,,0.0092999213283559,,,,,,,,0.1304227717984157,0.1407551979145333,,
2028-ex-seven,CZ,Y,capacity_paid_off_GW,,,0.0,0.0,0.0,0.0,0.0,0.0,0.0,,0.0,0.0,0.0,0.0,0.0,0.0,0.0,0.0,0.0,0.0,0.0,0.0,0.0,0.0,0.0,0.0,0.0,0.0
2028-ex-seven,CZ,Y,capex_mn_EUR_per_yr,,,109.81713302115293,0.0,16.217086196531145,0.0,0.0,26.048184884115727,0.0,,76.18061222457844,138.841538451773,22.59441391073202,7.893982066856129,123.71530195731836,84.30517292657983,4.011568788183623,321.06706043239666,118.59824069033428,458.8856421554186,0.0,144.15255774515765,2738.469079112492,68.82996852045387,137.73230661258106,95.4781476517892,362.9795164565344,228.2938717209026
2028-ex-seven,CZ,Y,charged_TWh,,1.4034712739327215,,,,,,,,,,,,,0.0,0.0,0.1023221277374076,,,,,,,,0.7586223113535366,0.5425268348417772,,
2028-ex-seven,CZ,Y,curtailment_TWh,,0.00015256746662,,,,,,,,,,,,,,,,,,,,,,,,,,
2028-ex-seven,CZ,Y,discharged_TWh,,2.7986638550597336,,,,,,,,,,,,,0.6639277142857143,1.0756565325373413,0.0894190801189094,,,,,,,,0.5462080641745464,0.4234524639432223,,
2028-ex-seven,CZ,Y,emissions_MtCO2,,14.985984321593644,0.0,0.0,0.0,0.0,0.0,0.3832126315431662,0.0,0.0,1.7986595928343008,1.403001599999967,0.7567472000000551,0.0161872093292704,0.0,0.0,0.0,0.3684049686493389,3.3487027199999453,6.478475520000089,0.0,0.4325928792375114,0.0,0.0,0.0,0.0,0.0,0.0
2028-ex-seven,CZ,Y,export_TWh,,3.625574550425578,,,,,,,,,,,,,,,,,,,,,,,,,,
2028-ex-seven,CZ,Y,heat_production_PJ,,,0.0138554639999999,,,,0.0,2.6194849698988567,,-6.3897687141462025e-18,,3.625186425162144,5.572411200000406,,,,,,18.082994687999697,38.09640973293889,,,,,,,,
2028-ex-seven,CZ,Y,import_TWh,,15.092030236041156,,,,,,,,,,,,,,,,,,,,,,,,,,
2028-ex-seven,CZ,Y,inflow_TWh,,,,,,,,,,,,,,,0.6639277142857143,1.077883,,,,,,,,,,0.0328331428571428,,
2028-ex-seven,CZ,Y,load_TWh,,66.534165713,,,,,,,,,,,,,,,,,,,,,,,,,,
2028-ex-seven,CZ,Y,net_import_TWh,,11.466455685615578,,,,,,,,,,,,,,,,,,,,,,,,,,
2028-ex-seven,CZ,Y,opex_mn_EUR,,,0.1392109169176953,0.0,74.23821233389772,0.0,0.0,21.753412451568057,0.0,,391.3220894875506,267.922765100504,167.5679084000122,3.5878278590603383,1.9917831428571429,2.1513130650746826,0.4470954005945473,41.854097622778255,366.957789969608,300.7729065877685,0.0,49.20694400364869,586.5749526359082,0.0,2.184832256698185,1.6938098557728891,0.0,46.03075990764003
2028-ex-seven,CZ,Y,power_share_high_value,,,,,,,,,,,,,,,,,,,,,,,0.978648209235034,0.9839118156473646,,,0.8937878642512295,
2028-ex-seven,CZ,Y,power_share_low_value,,,,,,,,,,,,,,,,,,,,,,,0.0211137313465819,0.0158261103118881,,,0.1051977841188965,
2028-ex-seven,CZ,Y,power_share_zero_value,,,,,,,,,,,,,,,,,,,,,,,0.0002380594183842,0.0002620740407471,,,0.0010143516298736,
2028-ex-seven,CZ,Y,production_TWh,,56.47133386878375,0.0008552755555555,0.0,0.7495621994668078,0.0,0.0,0.1931004729798352,0.0,1.7749357539295006e-18,4.578406236305493,3.0677786853940625,1.5478920000001128,0.0294312896895826,0.6639277142857143,1.0756565325373413,0.0894190801189094,0.3684049686493389,1.6743513599999726,2.699069792525993,0.0,0.4650373451803247,28.59946136693848,1.1438183681505116,0.5462080641745464,0.4234524639432223,7.412320652888106,1.143179999999852
2028-ex-seven,CZ,Y,production_el_eq_TWh,,,0.0021381888888888,,,,0.0,0.4529700136444044,,0.0,,3.571276799999916,1.5478920000001128,,,,,,1.6743513599999726,6.478475520000089,,,,,,,,
2028-ex-seven,CZ,Y,production_excess_TWh,,,,,,,,,,,,,,,,,,,,,,,,0.0,,,0.0,
2028-ex-seven,CZ,Y,production_hours,,,57.0,0.0,2997.0,0.0,0.0,8760.0,0.0,0.0,7682.0,8189.0,5478.0,365.0,8760.0,8760.0,1025.0,586.0,7097.0,8760.0,0.0,1249.0,,,1169.0,1434.0,,6756.0
2028-ex-seven,CZ,Y,production_used_TWh,,,,,,,,,,,,,,,,,,,,,,,,1.1438183681505116,,,7.412320652888106,
2028-ex-seven,CZ,Y,wholesale_expenses_mn_EUR,1051.107275306676,,,,,,,,,,,,,,0.0,0.0,6.8325792240175005,,,,,,,,37.03563513040663,27.066769543407005,,
2028-ex-seven,CZ,Y,wholesale_revenues_mn_EUR,26.94397172379326,,0.1031426020082039,0.0,80.97050247885048,0.0,0.0,18.46286027809913,0.0,,438.20695921608905,308.8734932680979,159.39791671123982,3.698191340649698,66.64739905916906,96.61724768119171,9.439832388483891,42.730068425411964,161.86529822945263,248.37857611207093,0.0,52.03134785748301,2568.225372134987,99.281348214981,56.61249497591525,44.437236830251294,485.3230375864169,113.9827933129382
2028-ex-seven-suas,CZ,S,avg_consumer_price_EUR_per_MWh,,82.48172089861345,,,,,,,,,,,,,,,,,,,,,,,,,,
2028-ex-seven-suas,CZ,S,avg_producer_price_EUR_per_MWh,,80.09861507681515,,,,,,,,,,,,,,,,,,,,,,,,,,
2028-ex-seven-suas,CZ,S,capacity_factor,,1.3128091670288602,-5.9168446848079055e-19,,0.1793123163433888,,,0.3268535594805875,,,0.7499363693984712,0.2744210987502958,0.427111914716938,0.0,0.1286224518667959,0.2875361514946277,0.0860895342955962,0.0,0.2271427902169684,0.4935279309394014,,0.0,0.7758452989642761,0.1861376723327739,0.1318788471745905,0.1395032211497681,0.1707422905508735,0.5641980701579928
2028-ex-seven-suas,CZ,S,capacity_factor_charging,,,,,,,,,,,,,,,,,0.008185900506289,,,,,,,,0.1862685900724542,0.1970086189541214,,
2028-ex-seven-suas,CZ,S,capex_mn_EUR_per_yr,,,109.81713302115293,0.0,16.217086196531145,0.0,0.0,26.048184884115727,0.0,,76.18061222457844,138.841538451773,22.59441391073202,7.893982066856129,123.71530195731836,84.30517292657983,4.011568788183623,285.68415989494883,115.75887212868724,381.78586505838734,0.0,144.15255774515765,2738.469079112492,68.82996852045387,137.73230661258106,95.4781476517892,362.9795164565344,228.2938717209026
2028-ex-seven-suas,CZ,S,charged_TWh,,2.8182401717647894,,,,,,,,,,,,,0.0,0.0,0.044909195284673,,,,,,,,0.5402444777538227,0.378634804940305,,
2028-ex-seven-suas,CZ,S,curtailment_TWh,,0.0001525674666183,,,,,,,,,,,,,,,,,,,,,,,,,,
2028-ex-seven-suas,CZ,S,discharged_TWh,,5.606372006532185,,,,,,,,,,,,,0.3421501276802863,0.5212225325373415,0.0376039085803164,,,,,,,,0.3905597334229388,0.286394532891628,,
2028-ex-seven-suas,CZ,S,emissions_MtCO2,,27.84222364727721,-0.0,0.0,0.0,0.0,0.0,0.1387073247009125,0.0,0.0,0.7945263860247131,0.35996100921019,0.3021845840232536,0.0,0.0,0.0,0.0,0.0,0.6941149314843356,2.4870225891034248,0.0,0.0,0.0,0.0,0.0,0.0,0.0,0.0
2028-ex-seven-suas,CZ,S,export_TWh,,1.9818154261313867,,,,,,,,,,,,,,,,,,,,,,,,,,
2028-ex-seven-suas,CZ,S,heat_production_PJ,,,-3.5043967716219695e-18,,,,0.0,0.991347989029812,,7.673861546209082e-20,,2.564621360085772,2.2251773914439585,,,,,,3.7482206300154126,15.039646229425047,,,,,,,,
2028-ex-seven-suas,CZ,S,import_TWh,,7.189886061510487,,,,,,,,,,,,,,,,,,,,,,,,,,
2028-ex-seven-suas,CZ,S,inflow_TWh,,,,,,,,,,,,,,,0.340147,0.523449,,,,,,,,,,0.013224,,
2028-ex-seven-suas,CZ,S,load_TWh,,30.649466236,,,,,,,,,,,,,,,,,,,,,,,,,,
2028-ex-seven-suas,CZ,S,net_import_TWh,,5.2080706353791,,,,,,,,,,,,,,,,,,,,,,,,,,
2028-ex-seven-suas,CZ,S,opex_mn_EUR,,,-3.283429092240778e-17,0.0,21.693640879058727,0.0,0.0,7.382953241339319,0.0,,175.70106809650122,48.794786105929504,66.91328186678544,0.0,1.026450383040859,,0.1880195429015823,0.0,77.24345429633226,110.87340456776523,0.0,0.0,284.9058333494021,0.0,1.5622389336917553,1.145578131566512,0.0,19.99297683134331
2028-ex-seven-suas,CZ,S,power_share_high_value,,,,,,,,,,,,,,,,,,,,,,,0.9603398419245944,0.9634090958151562,,,0.8644864718333534,
2028-ex-seven-suas,CZ,S,power_share_low_value,,,,,,,,,,,,,,,,,,,,,,,0.0391700323014904,0.0358535194231236,,,0.1340733343010034,
2028-ex-seven-suas,CZ,S,power_share_zero_value,,,,,,,,,,,,,,,,,,,,,,,0.0004901257739149,0.0007373847617202,,,0.001440193865643,
2028-ex-seven-suas,CZ,S,production_TWh,,110.56726510801931,-2.1632078837172662e-19,0.0,0.2185228991828304,0.0,0.0,0.0656086337979353,0.0,-2.1316282072803006e-20,2.022430800790179,0.5600669759574598,0.6181048309566551,0.0,0.3421501276802863,0.5212225325373415,0.0376039085803164,0.0,0.3470574657421678,0.9949941933271308,0.0,0.0,13.891069397825554,0.4065246763747783,0.3905597334229388,0.286394532891628,5.220616275883509,0.4824096611156095
2028-ex-seven-suas,CZ,S,production_el_eq_TWh,,,-5.408019709293165e-19,,,,0.0,0.1639566485826389,,0.0,,0.9162643870804836,0.6181048309566551,,,,,,0.3470574657421678,2.4870225891034248,,,,,,,,
2028-ex-seven-suas,CZ,S,production_excess_TWh,,,,,,,,,,,,,,,,,,,,,,,,0.0,,,0.0,
2028-ex-seven-suas,CZ,S,production_hours,,,0.0,0.0,912.0,0.0,0.0,4368.0,0.0,0.0,3457.0,3491.0,2247.0,0.0,4368.0,4368.0,429.0,0.0,1998.0,4368.0,0.0,0.0,,,852.0,948.0,,2984.0
2028-ex-seven-suas,CZ,S,production_used_TWh,,,,,,,,,,,,,,,,,,,,,,,,0.4065246763747783,,,5.220616275883509,
2028-ex-seven-suas,CZ,S,wholesale_expenses_mn_EUR,436.8308263096316,,,,,,,,,,,,,,0.0,0.0,2.198581804292504,,,,,,,,23.357864456957596,16.551594859236662,,
2028-ex-seven-suas,CZ,S,wholesale_revenues_mn_EUR,1.9998144387816488,,-8.50783506529949e-18,0.0,22.422549643073552,0.0,0.0,5.4669849785118805,0.0,,187.84608290282245,52.24111830547472,61.08598622533664,0.0,32.03306510410957,43.29437540124084,3.7644911710072,0.0,31.337262499936102,80.14171877751741,0.0,0.0,1154.6046690177782,32.07059510198693,38.92646268002503,28.70670821705235,314.5462735482958,46.877580406738815
2028-ex-seven-suas,CZ,W,avg_consumer_price_EUR_per_MWh,,98.23751771152884,,,,,,,,,,,,,,,,,,,,,,,,,,
2028-ex-seven-suas,CZ,W,avg_producer_price_EUR_per_MWh,,97.86666213333208,,,,,,,,,,,,,,,,,,,,,,,,,,
2028-ex-seven-suas,CZ,W,capacity_factor,,1.3056353464440031,0.014229132073884,,0.480874229121627,,,0.7386848024109963,,,0.9420546884135864,0.790830746962335,0.6389743070393251,0.079613789251252,0.1203029192521363,0.3041861434810279,0.1230994031131847,0.0989745568356148,0.8378507040829815,0.5729212198671929,,0.256831947422769,0.8170054343251856,0.3357439397885852,0.0521210239474838,0.067711888876584,0.0712888491089187,0.768575325489332
2028-ex-seven-suas,CZ,W,capacity_factor_charging,,,,,,,,,,,,,,,,,0.010859818198897,,,,,,,,0.074670858051985,0.0867609381411346,,
2028-ex-seven-suas,CZ,W,capex_mn_EUR_per_yr,,,109.81713302115293,0.0,16.217086196531145,0.0,0.0,26.048184884115727,0.0,,76.18061222457844,138.841538451773,22.59441391073202,7.893982066856129,123.71530195731836,84.30517292657983,4.011568788183623,285.68415989494883,115.75887212868724,381.78586505838734,0.0,144.15255774515765,2738.469079112492,68.82996852045387,137.73230661258106,95.4781476517892,362.9795164565344,228.2938717209026
2028-ex-seven-suas,CZ,W,charged_TWh,,2.8182401717647894,,,,,,,,,,,,,0.0,0.0,0.0599061028779066,,,,,,,,0.2177617272867073,0.1676637777389799,,
2028-ex-seven-suas,CZ,W,curtailment_TWh,,1.7671482055447996e-15,,,,,,,,,,,,,,,,,,,,,,,,,,
2028-ex-seven-suas,CZ,W,discharged_TWh,,5.606372006532185,,,,,,,,,,,,,0.321777586605428,0.554434,0.0540652578473107,,,,,,,,0.1552047342062427,0.1397735894945999,,
2028-ex-seven-suas,CZ,W,emissions_MtCO2,,27.84222364727721,0.0,0.0,0.0,0.0,0.0,0.3151991533791168,0.0,0.0,1.00355164165135,1.0430405907897702,0.454562615976795,0.0185112869969465,0.0,0.0,0.0,0.3752645818268175,2.574416268515785,2.9029703708965946,0.0,0.4570784890586019,0.0,0.0,0.0,0.0,0.0,0.0
2028-ex-seven-suas,CZ,W,export_TWh,,1.3631111052960545,,,,,,,,,,,,,,,,,,,,,,,,,,
2028-ex-seven-suas,CZ,W,heat_production_PJ,,,0.0847385863199999,,,,0.0,2.2412504204380763,,0.0,,6.347817935787604,3.3472338085564,,,,,,13.901847849985238,17.518440278912685,,,,,,,,
2028-ex-seven-suas,CZ,W,import_TWh,,8.814846282256315,,,,,,,,,,,,,,,,,,,,,,,,,,
2028-ex-seven-suas,CZ,W,inflow_TWh,,,,,,,,,,,,,,,0.3237807142857143,0.554434,,,,,,,,,,0.0196091428571428,,
2028-ex-seven-suas,CZ,W,load_TWh,,35.884699477,,,,,,,,,,,,,,,,,,,,,,,,,,
2028-ex-seven-suas,CZ,W,net_import_TWh,,7.451735176960261,,,,,,,,,,,,,,,,,,,,,,,,,,
2028-ex-seven-suas,CZ,W,opex_mn_EUR,,,0.8520036121550609,0.0,58.26783097229886,0.0,0.0,16.942412338708543,0.0,,215.47627880646448,153.70706149219015,100.6546265332253,4.091593784042445,0.965332759816284,1.108868,0.2703262892365538,42.53216971827702,281.6485993282837,130.07931788471376,0.0,51.96501375675445,301.6691192865061,0.0,0.6208189368249711,0.5590943579783996,0.0,25.99032695523489
2028-ex-seven-suas,CZ,W,power_share_high_value,,,,,,,,,,,,,,,,,,,,,,,0.9959392089176816,0.9952164851943364,,,0.9635834661434338,
2028-ex-seven-suas,CZ,W,power_share_low_value,,,,,,,,,,,,,,,,,,,,,,,0.0040607910823182,0.0047835148056638,,,0.036416533856566,
2028-ex-seven-suas,CZ,W,power_share_zero_value,,,,,,,,,,,,,,,,,,,,,,,0.0,0.0,,,0.0,
2028-ex-seven-suas,CZ,W,production_TWh,,110.56726510801931,0.0052307769333333,0.0,0.5892478923903098,0.0,0.0,0.150229559548539,0.0,0.0,2.5544950878398,1.7733710329489152,0.9297871690434444,0.0336568854489937,0.321777586605428,0.554434,0.0540652578473107,0.3752645818268175,1.2872081342578925,1.1650298670362094,0.0,0.491359375737997,14.708391969112927,0.7372936917757331,0.1552047342062427,0.1397735894945999,2.1917043770045965,0.6607703388842454
2028-ex-seven-suas,CZ,W,production_el_eq_TWh,,,0.0130769423333333,,,,0.0,0.3725758314173957,,0.0,,2.6550124129194157,0.9297871690434444,,,,,,1.2872081342578925,2.9029703708965946,,,,,,,,
2028-ex-seven-suas,CZ,W,production_excess_TWh,,,,,,,,,,,,,,,,,,,,,,,,0.0,,,0.0,
2028-ex-seven-suas,CZ,W,production_hours,,,113.0,0.0,2296.0,0.0,0.0,4392.0,0.0,0.0,4226.0,4392.0,3383.0,418.0,4392.0,4392.0,634.0,590.0,4379.0,4392.0,0.0,1386.0,,,341.0,519.0,,3763.0
2028-ex-seven-suas,CZ,W,production_used_TWh,,,,,,,,,,,,,,,,,,,,,,,,0.7372936917757331,,,2.1917043770045965,
2028-ex-seven-suas,CZ,W,wholesale_expenses_mn_EUR,733.7822745106715,,,,,,,,,,,,,,0.0,0.0,4.898919780682725,,,,,,,,13.691171646137638,10.84270335057336,,
2028-ex-seven-suas,CZ,W,wholesale_revenues_mn_EUR,14.747859450810228,,0.6293495776073418,0.0,65.1935570154555,0.0,0.0,14.849787769487657,0.0,,253.66163362385225,185.4093259084792,98.7793709952527,4.235781918427684,35.21460829245047,53.999974486885584,5.989430737493451,43.6376883505987,128.06771938152374,115.67579756242512,0.0,55.1457894138619,1431.796057648614,67.86075509266135,18.018711352155336,16.369302817516655,173.28001157723494,68.08816920478895
2028-ex-seven-suas,CZ,Y,avg_consumer_price_EUR_per_MWh,,90.9794908427201,,,,,,,,,,,,,,,,,,,,,,,,,,
2028-ex-seven-suas,CZ,Y,avg_producer_price_EUR_per_MWh,,89.4609692756363,,,,,,,,,,,,,,,,,,,,,,,,,,
2028-ex-seven-suas,CZ,Y,capacity_GW,,19.2815675,0.20925,0.0,0.279,0.0,0.0,0.11484,0.0,,0.6174,0.7644,0.3313124999999999,0.096255,0.609,0.415,0.1,0.8632799999999999,0.3497999999999999,1.15368,0.0,0.4356,4.099,0.5,0.678,0.47,7.0,0.19575
2028-ex-seven-suas,CZ,Y,capacity_charging_GW,,,,,,,,,,,,,,,0.0,0.0,1.25599,,,,,,,,0.664,0.44,,
2028-ex-seven-suas,CZ,Y,capacity_charging_paid_off_GW,,,,,,,,,,,,,,,0.0,0.0,0.0,,,,,,,,0.0,0.0,,
2028-ex-seven-suas,CZ,Y,capacity_factor,,0.3273031073962364,0.007134057998687,,0.330506371243163,,,0.5333333333333679,,,0.8462587046855015,0.5333333333333182,0.5333333333333675,0.0399159546109016,0.124451288939446,0.2958839556960283,0.1046451671548256,0.0496228600025137,0.5333333333333531,0.5333333333333352,,0.1287677982968951,0.7964817503918005,0.2611457461530848,0.0918906782689453,0.1035092107223909,0.1208793322388797,0.666666666666582
2028-ex-seven-suas,CZ,Y,capacity_factor_charging,,,,,,,,,,,,,,,,,0.0095265222535418,,,,,,,,0.1303168504567121,0.1417337543273363,,
2028-ex-seven-suas,CZ,Y,capacity_paid_off_GW,,,0.0,0.0,0.0,0.0,0.0,0.0,0.0,,0.0,0.0,0.0,0.0,0.0,0.0,0.0,0.0,0.0,0.0,0.0,0.0,0.0,0.0,0.0,0.0,0.0,0.0
2028-ex-seven-suas,CZ,Y,capex_mn_EUR_per_yr,,,109.81713302115293,0.0,16.217086196531145,0.0,0.0,26.048184884115727,0.0,,76.18061222457844,138.841538451773,22.59441391073202,7.893982066856129,123.71530195731836,84.30517292657983,4.011568788183623,285.68415989494883,115.75887212868724,381.78586505838734,0.0,144.15255774515765,2738.469079112492,68.82996852045387,137.73230661258106,95.4781476517892,362.9795164565344,228.2938717209026
2028-ex-seven-suas,CZ,Y,charged_TWh,,1.409120085882395,,,,,,,,,,,,,0.0,0.0,0.1048152981625797,,,,,,,,0.7580062050405301,0.546298582679285,,
2028-ex-seven-suas,CZ,Y,curtailment_TWh,,0.00015256746662,,,,,,,,,,,,,,,,,,,,,,,,,,
2028-ex-seven-suas,CZ,Y,discharged_TWh,,2.8031860032660925,,,,,,,,,,,,,0.6639277142857143,1.0756565325373413,0.0916691664276272,,,,,,,,0.5457644676291817,0.4261681223862279,,
2028-ex-seven-suas,CZ,Y,emissions_MtCO2,,13.921111823638606,0.0,0.0,0.0,0.0,0.0,0.4539064780800294,0.0,0.0,1.798078027676063,1.4030015999999603,0.7567472000000484,0.0185112869969465,0.0,0.0,0.0,0.3752645818268175,3.2685312000001203,5.389992960000019,0.0,0.4570784890586019,0.0,0.0,0.0,0.0,0.0,0.0
2028-ex-seven-suas,CZ,Y,export_TWh,,3.344926531427441,,,,,,,,,,,,,,,,,,,,,,,,,,
2028-ex-seven-suas,CZ,Y,heat_production_PJ,,,0.0847385863199999,,,,0.0,3.2325984094678883,,7.673861546209082e-20,,8.912439295873375,5.5724112000003565,,,,,,17.650068480000648,32.55808650833774,,,,,,,,
2028-ex-seven-suas,CZ,Y,import_TWh,,16.004732343766804,,,,,,,,,,,,,,,,,,,,,,,,,,
2028-ex-seven-suas,CZ,Y,inflow_TWh,,,,,,,,,,,,,,,0.6639277142857143,1.077883,,,,,,,,,,0.0328331428571428,,
2028-ex-seven-suas,CZ,Y,load_TWh,,66.534165713,,,,,,,,,,,,,,,,,,,,,,,,,,
2028-ex-seven-suas,CZ,Y,net_import_TWh,,12.659805812339362,,,,,,,,,,,,,,,,,,,,,,,,,,
2028-ex-seven-suas,CZ,Y,opex_mn_EUR,,,0.8520036121550609,0.0,79.96147185135759,0.0,0.0,24.32536558004786,0.0,,391.1773469029657,202.5018475981196,167.56790840001074,4.091593784042444,1.9917831428571429,2.1513130650746826,0.4583458321381361,42.53216971827702,358.8920536246159,240.95272245247892,0.0,51.965013756754445,586.5749526359082,0.0,2.183057870516727,1.7046724895449117,0.0,45.9833037865782
2028-ex-seven-suas,CZ,Y,power_share_high_value,,,,,,,,,,,,,,,,,,,,,,,0.978648209235034,0.9839118156473646,,,0.8937878642512295,
2028-ex-seven-suas,CZ,Y,power_share_low_value,,,,,,,,,,,,,,,,,,,,,,,0.0211137313465819,0.0158261103118881,,,0.1051977841188965,
2028-ex-seven-suas,CZ,Y,power_share_zero_value,,,,,,,,,,,,,,,,,,,,,,,0.0002380594183842,0.0002620740407471,,,0.0010143516298736,
2028-ex-seven-suas,CZ,Y,production_TWh,,55.28363255400966,0.0052307769333333,0.0,0.8077707915731404,0.0,0.0,0.2158381933464742,0.0,-2.1316282072803006e-20,4.576925888629979,2.333438008906375,1.547892000000099,0.0336568854489937,0.6639277142857143,1.0756565325373413,0.0916691664276272,0.3752645818268175,1.6342656000000602,2.16002406036334,0.0,0.491359375737997,28.59946136693848,1.1438183681505116,0.5457644676291817,0.4261681223862279,7.412320652888106,1.1431799999998549
2028-ex-seven-suas,CZ,Y,production_el_eq_TWh,,,0.0130769423333333,,,,0.0,0.5365324800000347,,0.0,,3.571276799999899,1.547892000000099,,,,,,1.6342656000000602,5.389992960000019,,,,,,,,
2028-ex-seven-suas,CZ,Y,production_excess_TWh,,,,,,,,,,,,,,,,,,,,,,,,0.0,,,0.0,
2028-ex-seven-suas,CZ,Y,production_hours,,,113.0,0.0,3208.0,0.0,0.0,8760.0,0.0,0.0,7683.0,7883.0,5630.0,418.0,8760.0,8760.0,1063.0,590.0,6377.0,8760.0,0.0,1386.0,,,1193.0,1467.0,,6747.0
2028-ex-seven-suas,CZ,Y,production_used_TWh,,,,,,,,,,,,,,,,,,,,,,,,1.1438183681505116,,,7.412320652888106,
2028-ex-seven-suas,CZ,Y,wholesale_expenses_mn_EUR,1170.6131008203029,,,,,,,,,,,,,,0.0,0.0,7.097501584975229,,,,,,,,37.049036103095226,27.394298209810017,,
2028-ex-seven-suas,CZ,Y,wholesale_revenues_mn_EUR,16.74767388959188,,0.6293495776073418,0.0,87.61610665852906,0.0,0.0,20.316772747999536,0.0,,441.5077165266746,237.6504442139539,159.86535722058937,4.235781918427684,67.24767339656005,97.2943498881264,9.753921908500653,43.6376883505987,159.40498188145983,195.81751633994253,0.0,55.1457894138619,2586.4007266663925,99.93135019464827,56.94517403218037,45.07601103456899,487.8262851255307,114.96574961152776
2028-stress,CZ,S,avg_consumer_price_EUR_per_MWh,,86.56367711259465,,,,,,,,,,,,,,,,,,,,,,,,,,
2028-stress,CZ,S,avg_producer_price_EUR_per_MWh,,83.95166815551502,,,,,,,,,,,,,,,,,,,,,,,,,,
2028-stress,CZ,S,capacity_factor,,1.24312600773015,1.7455986589757456e-18,,0.3705238878509566,,,0.354502936689542,,,0.7911712443658553,0.266423488258916,0.3970949938390661,0.0011446886446886447,0.12844882733092347,0.2884073719006038,0.09231382874704132,0.0,0.23844771500282447,0.48818095110753246,,0.0010291189938723864,0.6514247085763767,0.18613767233277392,0.13939841960067761,0.14603546374881765,0.17074229055087353,0.5386107769998124
2028-stress,CZ,S,capacity_factor_charging,,,,,,,,,,,,,,,,,0.008143012411193194,,,,,,,,0.19730866780013503,0.2068255036689648,,
2028-stress,CZ,S,capex_mn_EUR_per_yr,,,109.81713302115291,0.0,16.217086196531145,0.0,0.0,26.048184884115727,0.0,,76.18061222457844,138.841538451773,22.59441391073202,7.893982066856129,123.71530195731836,84.30517292657983,4.011568788183623,285.68415989494883,115.75887212868723,381.78586505838734,0.0,144.15255774515765,2738.4690791124917,68.82996852045387,137.73230661258106,95.47814765178921,362.97951645653444,228.2938717209026
2028-stress,CZ,S,charged_TWh,,3.0750949186163883,,,,,,,,,,,,,0.0,0.0,0.04467390414760527,,,,,,,,0.5722645892714573,0.3975020720114568,,
2028-stress,CZ,S,curtailment_TWh,,0.0002585252353082815,,,,,,,,,,,,,,,,,,,,,,,,,,
2028-stress,CZ,S,discharged_TWh,,5.800078518644989,,,,,,,,,,,,,0.3416882669689175,0.5228018111916624,0.040322680396707646,,,,,,,,0.41282897724108525,0.2998049656577727,,
2028-stress,CZ,S,emissions_MtCO2,,29.503748090127264,0.0,0.0,0.0,0.0,0.0,0.1504409314830906,0.0,0.0,0.838213020681858,0.34947046035349794,0.28094740838709736,0.00026470125,0.0,0.0,0.0,0.0,0.7286611175449831,2.4600776913748876,0.0,0.0018214935190104045,0.0,0.0,0.0,0.0,0.0,0.0
2028-stress,CZ,S,export_TWh,,1.7473954538810506,,,,,,,,,,,,,,,,,,,,,,,,,,
2028-stress,CZ,S,heat_production_PJ,,,1.033873733540607e-17,,,,0.0,1.0747939606010108,,-7.866060077026628e-19,,2.614951098906971,2.068794552668626,,,,,,3.9347700347429084,14.875703953080485,,,,,,,,
2028-stress,CZ,S,import_TWh,,8.93455009618718,,,,,,,,,,,,,,,,,,,,,,,,,,
2028-stress,CZ,S,inflow_TWh,,,,,,,,,,,,,,,0.340147,0.523449,,,,,,,,,,0.013224,,
2028-stress,CZ,S,load_TWh,,30.649466236000002,,,,,,,,,,,,,,,,,,,,,,,,,,
2028-stress,CZ,S,net_import_TWh,,7.18715464230613,,,,,,,,,,,,,,,,,,,,,,,,,,
2028-stress,CZ,S,opex_mn_EUR,,,1.1162868437132553e-16,0.0,44.78108138809487,0.0,0.0,8.026170912218824,0.0,,184.01378737610375,45.91665256807618,62.21069545262476,0.05943639299999999,1.0250648009067524,,0.20161340198353825,0.0,81.03617888724152,109.82905292894068,0.0,0.21455409641443107,239.2161165494021,0.0,1.651315908964341,1.1992198626310908,0.0,19.05313324000449
2028-stress,CZ,S,power_share_high_value,,,,,,,,,,,,,,,,,,,,,,,0.9842762178501515,0.9876936503410396,,,0.9462750211516701,
2028-stress,CZ,S,power_share_low_value,,,,,,,,,,,,,,,,,,,,,,,0.015474336795185183,0.012002046160374404,,,0.05285509450543905,
2028-stress,CZ,S,power_share_zero_value,,,,,,,,,,,,,,,,,,,,,,,0.00024944535466333906,0.00030430349858583025,,,0.0008698843428907304,
2028-stress,CZ,S,production_TWh,,104.69841795090964,6.381936626793872e-19,0.0,0.45154708745510097,0.0,0.0,0.07119977516523814,0.0,2.185016688062952e-19,2.1336331435538205,0.5263735191829356,0.5746651535190628,0.000481275,0.3416882669689175,0.5228018111916624,0.040322680396707646,0.0,0.36433055877249154,0.9843134103153155,0.0,0.0019581055329361847,11.663389397825554,0.4065246763747783,0.41282897724108525,0.2998049656577727,5.220616275883509,0.46053160432281165
2028-stress,CZ,S,production_el_eq_TWh,,,1.5954841566984676e-18,,,,0.0,0.17782616014549715,,0.0,,0.8895611718089038,0.5746651535190628,,,,,,0.36433055877249154,2.4600776913748876,,,,,,,,
2028-stress,CZ,S,production_excess_TWh,,,,,,,,,,,,,,,,,,,,,,,,0.0,,,0.0,
2028-stress,CZ,S,production_hours,,,0.0,0.0,1803.0,0.0,0.0,4004.0,0.0,0.0,3635.0,3312.0,2094.0,6.0,4368.0,4368.0,459.0,0.0,2779.0,4042.0,0.0,42.0,,,841.0,954.0,,2903.0
2028-stress,CZ,S,production_used_TWh,,,,,,,,,,,,,,,,,,,,,,,,0.4065246763747783,,,5.220616275883509,
2028-stress,CZ,S,wholesale_expenses_mn_EUR,625.965858859633,,,,,,,,,,,,,,0.0,0.0,2.6132828587216586,,,,,,,,28.200786476896532,19.700672291276824,,
2028-stress,CZ,S,wholesale_revenues_mn_EUR,0.21220289357364994,,6.72926468283489e-17,0.0,47.66313553963213,0.0,0.0,6.141154634201923,0.0,,204.26089863215833,52.22056772033985,59.826000301625,0.05971445382986103,33.78502825224583,45.31174321820818,4.272590460874914,0.0,34.49431845052527,82.52809067720133,0.0,0.2159756900771898,1016.1258743332369,33.56394205717234,43.57036890154658,31.859860533894434,335.07253220740034,46.92632497508197
2028-stress,CZ,W,avg_consumer_price_EUR_per_MWh,,120.93934010523844,,,,,,,,,,,,,,,,,,,,,,,,,,
2028-stress,CZ,W,avg_producer_price_EUR_per_MWh,,121.44113425107193,,,,,,,,,,,,,,,,,,,,,,,,,,
2028-stress,CZ,W,capacity_factor,,1.2363329694365426,0.048655347557571206,,0.6295745155588933,,,0.7111865146949802,,,0.9707945506435461,0.7987846546641589,0.6688272010271543,0.16348788270410466,0.12047559502005321,0.30418614348102796,0.12217709865095354,0.1949683402099853,0.826607554842385,0.5782389812300723,,0.46524513975088966,0.6925848439372861,0.3357439397885852,0.06313566650124168,0.07957168564248934,0.07128884910891871,0.7940227973734235
2028-stress,CZ,W,capacity_factor_charging,,,,,,,,,,,,,,,,,0.0107784525827319,,,,,,,,0.08991755263742313,0.10423091005328296,,
2028-stress,CZ,W,capex_mn_EUR_per_yr,,,109.81713302115291,0.0,16.217086196531145,0.0,0.0,26.048184884115727,0.0,,76.18061222457844,138.841538451773,22.59441391073202,7.893982066856129,123.71530195731836,84.30517292657983,4.011568788183623,285.68415989494883,115.75887212868723,381.78586505838734,0.0,144.15255774515765,2738.4690791124917,68.82996852045387,137.73230661258106,95.47814765178921,362.97951645653444,228.2938717209026
2028-stress,CZ,W,charged_TWh,,3.0750949186163883,,,,,,,,,,,,,0.0,0.0,0.05945726507202084,,,,,,,,0.26222547974588545,0.20142414905976824,,
2028-stress,CZ,W,curtailment_TWh,,1.9499566406011582e-15,,,,,,,,,,,,,,,,,,,,,,,,,,
2028-stress,CZ,W,discharged_TWh,,5.800078518644989,,,,,,,,,,,,,0.3222394473167969,0.554434,0.053660181727498805,,,,,,,,0.18800387245140146,0.16425505637065216,,
2028-stress,CZ,W,emissions_MtCO2,,29.503748090127264,0.0,0.0,0.0,0.0,0.0,0.30346554659693586,0.0,0.0,1.0341676305917364,1.0535311396464813,0.47579979161295155,0.03801315256717568,0.0,0.0,0.0,0.739227484290603,2.539870082455081,2.929915268625319,0.0,0.8279871240829222,0.0,0.0,0.0,0.0,0.0,0.0
2028-stress,CZ,W,export_TWh,,1.6218095936374464,,,,,,,,,,,,,,,,,,,,,,,,,,
2028-stress,CZ,W,heat_production_PJ,,,0.2897566308,,,,0.0,2.146270463990243,,0.0,,6.33854091360992,3.5036166473317345,,,,,,13.715298445257435,17.447845779010663,,,,,,,,
2028-stress,CZ,W,import_TWh,,10.157417673419998,,,,,,,,,,,,,,,,,,,,,,,,,,
2028-stress,CZ,W,inflow_TWh,,,,,,,,,,,,,,,0.3237807142857143,0.554434,,,,,,,,,,0.019609142857142856,,
2028-stress,CZ,W,load_TWh,,35.884699477,,,,,,,,,,,,,,,,,,,,,,,,,,
2028-stress,CZ,W,net_import_TWh,,8.535608079782552,,,,,,,,,,,,,,,,,,,,,,,,,,
2028-stress,CZ,W,opex_mn_EUR,,,2.8972914669514407,0.0,76.14047375173939,0.0,0.0,16.456694161508867,0.0,,221.93989577425205,156.18429599114648,105.35721294738607,8.353558148876276,0.9667183419503906,1.108868,0.268300908637494,83.79468642026606,278.03094590303425,133.99612473457447,0.0,93.5874465848355,255.72836008650606,0.0,0.7520154898056058,0.6570202254826086,0.0,26.775290813603554
2028-stress,CZ,W,power_share_high_value,,,,,,,,,,,,,,,,,,,,,,,0.9987761993268914,0.9990230153939386,,,0.9901616660700512,
2028-stress,CZ,W,power_share_low_value,,,,,,,,,,,,,,,,,,,,,,,0.0012238006731085816,0.000976984606061615,,,0.009838333929948864,
2028-stress,CZ,W,power_share_zero_value,,,,,,,,,,,,,,,,,,,,,,,0.0,0.0,,,0.0,
2028-stress,CZ,W,production_TWh,,104.69841795090964,0.01788621177777778,0.0,0.7714604649813701,0.0,0.0,0.1457826627126449,0.0,0.0,2.632426696051693,1.8013627235229988,0.9732268464810373,0.06911482284941034,0.3222394473167969,0.554434,0.053660181727498805,0.739227484290603,1.2699350412275405,1.1989781873742607,0.0,0.8900861583891413,12.468471969112926,0.7372936917757331,0.18800387245140146,0.16425505637065216,2.1917043770045965,0.6826483956770429
2028-stress,CZ,W,production_el_eq_TWh,,,0.044715529444444437,,,,0.0,0.3587063198545341,,0.0,,2.6817156281910433,0.9732268464810373,,,,,,1.2699350412275405,2.929915268625319,,,,,,,,
2028-stress,CZ,W,production_excess_TWh,,,,,,,,,,,,,,,,,,,,,,,,0.0,,,0.0,
2028-stress,CZ,W,production_hours,,,338.0,0.0,2978.0,0.0,0.0,4392.0,0.0,0.0,4312.0,4381.0,3508.0,812.0,4392.0,4392.0,619.0,1234.0,4359.0,4392.0,0.0,2466.0,,,417.0,580.0,,3785.0
2028-stress,CZ,W,production_used_TWh,,,,,,,,,,,,,,,,,,,,,,,,0.7372936917757331,,,2.1917043770045965,
2028-stress,CZ,W,wholesale_expenses_mn_EUR,958.56911373488,,,,,,,,,,,,,,0.0,0.0,5.133362996831323,,,,,,,,18.447809340157576,14.558891248157336,,
2028-stress,CZ,W,wholesale_revenues_mn_EUR,14.773163530435411,,7.295462654029243,0.0,105.13870053473579,0.0,0.0,18.361130113909514,0.0,,313.22108850224686,246.80372151812023,129.6499775590732,14.785936540881645,57.733491891395865,65.475788583262,7.118103337081665,142.55062736805496,155.9715510436784,165.9129288018539,0.0,128.17803368137106,1438.4709864007789,78.75260327313119,38.71912691833821,36.33569512446873,197.6084798987782,86.37065164146557
2028-stress,CZ,Y,avg_consumer_price_EUR_per_MWh,,105.10393116995678,,,,,,,,,,,,,,,,,,,,,,,,,,
2028-stress,CZ,Y,avg_producer_price_EUR_per_MWh,,104.11035086651918,,,,,,,,,,,,,,,,,,,,,,,,,,
2028-stress,CZ,Y,capacity_GW,,19.281567499999998,0.20925,0.0,0.279,0.0,0.0,0.11484,0.0,,0.6174,0.7644,0.33131249999999995,0.096255,0.609,0.415,0.1,0.8632799999999999,0.34979999999999994,1.15368,0.0,0.4356,4.099,0.5,0.678,0.47,7.0,0.19575
2028-stress,CZ,Y,capacity_charging_GW,,,,,,,,,,,,,,,0.0,0.0,1.25599,,,,,,,,0.664,0.44,,
2028-stress,CZ,Y,capacity_charging_paid_off_GW,,,,,,,,,,,,,,,0.0,0.0,0.0,,,,,,,,0.0,0.0,,
2028-stress,CZ,Y,capacity_factor,,0.3099300457628593,0.02439432493982337,,0.5004040655784974,,,0.5333333333333644,,,0.8812289568283689,0.5333333333333254,0.5333333333333679,0.08253867361146436,0.12445128893944603,0.2963183724464054,0.10728637228790691,0.09775125002308852,0.5333333333333438,0.5333333333333536,,0.2337730417295824,0.672061160003901,0.26114574615308483,0.10116257352616592,0.11271252842427497,0.12087933223887976,0.6666666666665818
2028-stress,CZ,Y,capacity_factor_charging,,,,,,,,,,,,,,,,,0.009464342688978354,,,,,,,,0.14346599910211785,0.15538766632192436,,
2028-stress,CZ,Y,capacity_paid_off_GW,,,0.0,0.0,0.0,0.0,0.0,0.0,0.0,,0.0,0.0,0.0,0.0,0.0,0.0,0.0,0.0,0.0,0.0,0.0,0.0,0.0,0.0,0.0,0.0,0.0,0.0
2028-stress,CZ,Y,capex_mn_EUR_per_yr,,,109.81713302115291,0.0,16.217086196531145,0.0,0.0,26.048184884115727,0.0,,76.18061222457844,138.841538451773,22.59441391073202,7.893982066856129,123.71530195731836,84.30517292657983,4.011568788183623,285.68415989494883,115.75887212868723,381.78586505838734,0.0,144.15255774515765,2738.4690791124917,68.82996852045387,137.73230661258106,95.47814765178921,362.97951645653444,228.2938717209026
2028-stress,CZ,Y,charged_TWh,,1.5375474593081941,,,,,,,,,,,,,0.0,0.0,0.10413116921962612,,,,,,,,0.8344900690173428,0.5989262210712252,,
2028-stress,CZ,Y,curtailment_TWh,,0.00025852523531023143,,,,,,,,,,,,,,,,,,,,,,,,,,
2028-stress,CZ,Y,discharged_TWh,,2.9000392593224946,,,,,,,,,,,,,0.6639277142857143,1.0772358111916622,0.09398286212420645,,,,,,,,0.6008328496924867,0.4640600220284249,,
2028-stress,CZ,Y,emissions_MtCO2,,14.751874045063632,0.0,0.0,0.0,0.0,0.0,0.45390647808002643,0.0,0.0,1.8723806512735948,1.4030015999999792,0.7567472000000489,0.03827785381717568,0.0,0.0,0.0,0.739227484290603,3.2685312000000635,5.389992960000206,0.0,0.8298086176019325,0.0,0.0,0.0,0.0,0.0,0.0
2028-stress,CZ,Y,export_TWh,,3.3692050475184967,,,,,,,,,,,,,,,,,,,,,,,,,,
2028-stress,CZ,Y,heat_production_PJ,,,0.2897566307999999,,,,0.0,3.221064424591254,,-7.866060077026635e-19,,8.953492012516893,5.572411200000361,,,,,,17.650068480000346,32.32354973209115,,,,,,,,
2028-stress,CZ,Y,import_TWh,,19.091967769607173,,,,,,,,,,,,,,,,,,,,,,,,,,
2028-stress,CZ,Y,inflow_TWh,,,,,,,,,,,,,,,0.6639277142857143,1.077883,,,,,,,,,,0.03283314285714285,,
2028-stress,CZ,Y,load_TWh,,66.534165713,,,,,,,,,,,,,,,,,,,,,,,,,,
2028-stress,CZ,Y,net_import_TWh,,15.722762722088676,,,,,,,,,,,,,,,,,,,,,,,,,,
2028-stress,CZ,Y,opex_mn_EUR,,,2.8972914669514407,0.0,120.92155513983425,0.0,0.0,24.482865073727687,0.0,,405.9536831503558,202.10094855922267,167.56790840001082,8.412994541876277,1.9917831428571429,2.1544716223833245,0.4699143106210323,83.79468642026606,359.0671247902757,243.8251776635152,0.0,93.80200068124992,494.9444766359082,0.0,2.403331398769947,1.8562400881136996,0.0,45.82842405360805
2028-stress,CZ,Y,power_share_high_value,,,,,,,,,,,,,,,,,,,,,,,0.9917680814012606,0.9949964438770739,,,0.9592515984294195,
2028-stress,CZ,Y,power_share_low_value,,,,,,,,,,,,,,,,,,,,,,,0.008111356895658053,0.004895403565905814,,,0.04013572808122401,
2028-stress,CZ,Y,power_share_zero_value,,,,,,,,,,,,,,,,,,,,,,,0.00012056170308118779,0.00010815255702034611,,,0.0006126734893561453,
2028-stress,CZ,Y,production_TWh,,52.34920897545482,0.01788621177777778,0.0,1.223007552436471,0.0,0.0,0.21698243787788302,0.0,2.185016688062954e-19,4.766059839605514,2.3277362427059343,1.5478920000001002,0.06959609784941034,0.6639277142857143,1.0772358111916622,0.09398286212420645,0.739227484290603,1.6342656000000317,2.1832915976895766,0.0,0.8920442639220774,24.13186136693848,1.1438183681505116,0.6008328496924867,0.4640600220284249,7.4123206528881065,1.1431799999998546
2028-stress,CZ,Y,production_el_eq_TWh,,,0.044715529444444437,,,,0.0,0.5365324800000312,,0.0,,3.571276799999947,1.5478920000001002,,,,,,1.6342656000000317,5.389992960000206,,,,,,,,
2028-stress,CZ,Y,production_excess_TWh,,,,,,,,,,,,,,,,,,,,,,,,0.0,,,0.0,
2028-stress,CZ,Y,production_hours,,,338.0,0.0,4781.0,0.0,0.0,8396.0,0.0,0.0,7947.0,7693.0,5602.0,818.0,8760.0,8760.0,1078.0,1234.0,7138.0,8434.0,0.0,2508.0,,,1258.0,1534.0,,6688.0
2028-stress,CZ,Y,production_used_TWh,,,,,,,,,,,,,,,,,,,,,,,,1.1438183681505116,,,7.4123206528881065,
2028-stress,CZ,Y,wholesale_expenses_mn_EUR,1584.534972594513,,,,,,,,,,,,,,0.0,0.0,7.7466458555529805,,,,,,,,46.648595817054115,34.25956353943416,,
2028-stress,CZ,Y,wholesale_revenues_mn_EUR,14.985366424009058,,7.295462654029243,0.0,152.80183607436794,0.0,0.0,24.50228474811144,0.0,,517.4819871344052,299.0242892384601,189.47597786069815,14.845650994711505,91.5185201436417,110.78753180147018,11.390693797956578,142.55062736805496,190.46586949420364,248.44101947905523,0.0,128.39400937144828,2454.5968607340155,112.31654533030353,82.28949581988478,68.19555565836316,532.6810121061784,133.2969766165475
